Source_ID,Rupture_ID,Rup_Var_ID,Magnitude
158,8,6,6.85
158,8,5,6.85
158,8,11,6.85
158,7,7,6.75
158,9,12,6.95
158,9,10,6.95
158,8,15,6.85
158,9,15,6.95
158,1,12,6.65
158,9,13,6.95
158,9,9,6.95
158,7,0,6.75
158,9,1,6.95
158,6,12,6.65
158,9,11,6.95
158,9,8,6.95
158,7,14,6.75
158,8,13,6.85
158,9,2,6.95
158,8,8,6.85
158,7,8,6.75
158,9,5,6.95
158,8,0,6.85
158,9,4,6.95
158,7,11,6.75
158,8,12,6.85
158,9,6,6.95
158,9,7,6.95
158,8,4,6.85
158,7,5,6.75
158,7,15,6.75
158,9,14,6.95
184,8,10,6.85
184,8,2,6.85
184,9,13,6.95
184,9,12,6.95
184,7,14,6.75
184,9,1,6.95
184,9,14,6.95
184,9,4,6.95
184,7,8,6.75
184,8,13,6.85
184,9,11,6.95
184,9,10,6.95
184,8,12,6.85
184,9,7,6.95
184,8,5,6.85
184,8,11,6.85
184,9,2,6.95
184,9,0,6.95
184,9,8,6.95
184,9,5,6.95
184,8,4,6.85
184,8,7,6.85
184,8,8,6.85
215,49,17,7.45
215,49,21,7.45
215,46,17,7.15
215,46,18,7.15
215,47,14,7.25
215,48,12,7.35
215,47,51,7.25
215,49,54,7.45
215,49,62,7.45
215,42,17,7.15
215,48,34,7.35
215,42,56,7.15
215,48,28,7.35
215,49,1,7.45
215,47,43,7.25
215,48,5,7.35
215,48,48,7.35
215,48,67,7.35
215,48,55,7.35
215,48,36,7.35
215,48,29,7.35
215,48,1,7.35
215,48,0,7.35
215,49,58,7.45
215,47,45,7.25
215,49,41,7.45
215,49,3,7.45
215,48,4,7.35
215,47,16,7.25
215,48,62,7.35
215,48,39,7.35
215,49,45,7.45
215,47,52,7.25
215,49,31,7.45
215,47,32,7.25
215,40,33,7.05
215,42,2,7.15
215,49,48,7.45
215,48,27,7.35
215,49,22,7.45
215,49,69,7.45
215,48,63,7.35
215,49,60,7.45
215,47,3,7.25
215,49,52,7.45
215,41,14,7.05
215,47,30,7.25
215,49,67,7.45
215,49,0,7.45
215,48,54,7.35
215,48,16,7.35
215,49,10,7.45
215,48,20,7.35
215,46,56,7.15
215,47,49,7.25
215,49,18,7.45
215,47,47,7.25
215,48,43,7.35
215,48,51,7.35
215,48,53,7.35
215,49,36,7.45
215,49,28,7.45
215,47,48,7.25
215,47,2,7.25
215,49,2,7.45
215,48,15,7.35
215,48,42,7.35
215,47,58,7.25
215,46,14,7.15
215,47,57,7.25
215,40,44,7.05
215,49,14,7.45
215,47,53,7.25
215,46,2,7.15
215,49,8,7.45
215,49,64,7.45
215,47,33,7.25
215,47,60,7.25
215,49,32,7.45
215,49,9,7.45
215,46,43,7.15
215,49,7,7.45
215,47,19,7.25
215,48,25,7.35
215,40,46,7.05
215,48,35,7.35
215,49,15,7.45
215,47,15,7.25
215,49,27,7.45
215,49,34,7.45
215,49,44,7.45
215,47,17,7.25
215,48,57,7.35
215,42,43,7.15
215,49,49,7.45
215,47,20,7.25
215,46,1,7.15
215,48,17,7.35
215,49,24,7.45
215,48,14,7.35
215,49,25,7.45
215,49,16,7.45
215,47,29,7.25
215,48,60,7.35
215,47,56,7.25
215,48,32,7.35
215,49,37,7.45
215,49,53,7.45
215,48,22,7.35
215,49,68,7.45
215,48,30,7.35
215,47,46,7.25
215,48,52,7.35
215,42,14,7.15
215,48,56,7.35
215,48,45,7.35
215,39,35,7.05
215,48,26,7.35
215,48,3,7.35
215,49,47,7.45
215,47,34,7.25
215,48,18,7.35
215,49,42,7.45
215,49,12,7.45
215,49,61,7.45
215,49,23,7.45
215,49,59,7.45
215,48,69,7.35
215,49,50,7.45
215,47,59,7.25
215,39,36,7.05
215,49,51,7.45
215,42,18,7.15
215,49,6,7.45
215,49,26,7.45
215,49,30,7.45
215,48,2,7.35
215,47,44,7.25
215,48,50,7.35
215,47,18,7.25
215,48,31,7.35
215,48,59,7.35
215,49,35,7.45
215,48,6,7.35
215,49,57,7.45
215,49,63,7.45
215,49,4,7.45
215,49,56,7.45
215,45,43,7.05
215,47,35,7.25
215,49,65,7.45
215,49,29,7.45
215,49,43,7.45
215,48,46,7.35
215,42,1,7.15
215,48,8,7.35
215,48,47,7.35
215,49,33,7.45
215,49,5,7.45
215,47,42,7.25
215,48,24,7.35
216,52,59,7.45
216,51,58,7.35
216,51,61,7.35
216,50,28,7.25
216,50,42,7.25
216,52,24,7.45
216,51,55,7.35
216,51,42,7.35
216,38,30,6.95
216,52,52,7.45
216,52,34,7.45
216,52,49,7.45
216,51,31,7.35
216,51,50,7.35
216,51,17,7.35
216,52,65,7.45
216,49,28,7.15
216,49,1,7.15
216,45,15,7.15
216,52,58,7.45
216,50,57,7.25
216,52,61,7.45
216,50,6,7.25
216,45,3,7.15
216,49,56,7.15
216,51,67,7.35
216,52,57,7.45
216,50,56,7.25
216,52,56,7.45
216,52,45,7.45
216,52,30,7.45
216,52,12,7.45
216,52,15,7.45
216,52,21,7.45
216,50,14,7.25
216,51,48,7.35
216,51,23,7.35
216,51,14,7.35
216,50,9,7.25
216,52,32,7.45
216,49,42,7.15
216,52,3,7.45
216,48,30,7.05
216,45,43,7.15
216,51,24,7.35
216,51,27,7.35
216,52,37,7.45
216,51,59,7.35
216,52,7,7.45
216,49,53,7.15
216,49,61,7.15
216,45,28,7.15
216,51,29,7.35
216,52,28,7.45
216,45,66,7.15
216,51,60,7.35
216,51,32,7.35
216,42,11,7.05
216,52,44,7.45
216,45,60,7.15
216,52,11,7.45
216,48,68,7.05
216,52,66,7.45
216,52,68,7.45
216,45,14,7.15
216,52,48,7.45
216,51,6,7.35
216,50,20,7.25
216,52,54,7.45
216,52,38,7.45
216,52,67,7.45
216,50,62,7.25
216,51,18,7.35
216,51,28,7.35
216,45,2,7.15
216,52,0,7.45
216,50,45,7.25
216,51,56,7.35
216,52,17,7.45
216,52,63,7.45
216,50,2,7.25
216,52,23,7.45
216,52,53,7.45
216,51,4,7.35
216,44,25,7.05
216,51,65,7.35
216,52,8,7.45
216,52,33,7.45
216,51,2,7.35
216,50,17,7.25
216,50,1,7.25
216,45,46,7.15
216,52,9,7.45
216,52,10,7.45
216,51,0,7.35
216,52,39,7.45
216,52,16,7.45
216,51,57,7.35
216,51,53,7.35
216,43,33,7.05
216,51,15,7.35
216,52,31,7.45
216,52,2,7.45
216,51,43,7.35
216,45,44,7.15
216,51,10,7.35
216,52,22,7.45
216,52,19,7.45
216,51,52,7.35
216,51,3,7.35
216,45,56,7.15
216,51,33,7.35
216,52,41,7.45
216,52,47,7.45
216,45,18,7.15
216,52,18,7.45
216,50,43,7.25
216,51,44,7.35
216,51,54,7.35
216,50,47,7.25
216,51,22,7.35
216,49,30,7.15
216,48,19,7.05
216,50,33,7.25
216,51,39,7.35
216,45,8,7.15
216,52,1,7.45
216,52,27,7.45
216,50,16,7.25
216,45,20,7.15
216,52,60,7.45
216,50,15,7.25
216,52,20,7.45
216,50,59,7.25
216,44,12,7.05
216,51,1,7.35
216,49,0,7.15
216,52,5,7.45
216,52,51,7.45
216,50,19,7.25
216,51,35,7.35
216,50,3,7.25
216,50,4,7.25
216,51,47,7.35
216,51,9,7.35
216,52,29,7.45
216,51,8,7.35
216,51,11,7.35
216,45,17,7.15
216,52,50,7.45
216,45,16,7.15
216,52,35,7.45
216,52,4,7.45
216,51,34,7.35
216,44,2,7.05
216,51,13,7.35
216,45,1,7.15
216,45,57,7.15
216,50,67,7.25
216,49,47,7.15
216,52,46,7.45
216,41,36,7.05
216,52,14,7.45
216,51,41,7.35
216,52,64,7.45
216,50,63,7.25
216,51,30,7.35
216,51,64,7.35
216,49,14,7.15
216,49,15,7.15
216,52,62,7.45
216,41,46,7.05
216,50,34,7.25
216,52,69,7.45
216,49,68,7.15
216,50,48,7.25
216,38,29,6.95
216,50,66,7.25
216,51,5,7.35
216,51,16,7.35
216,48,28,7.05
216,51,21,7.35
216,52,36,7.45
216,52,42,7.45
216,42,37,7.05
216,50,22,7.25
216,50,30,7.25
216,52,43,7.45
216,50,68,7.25
216,51,40,7.35
216,45,63,7.15
216,49,44,7.15
218,242,55,7.25
218,266,61,7.65
218,258,52,7.45
218,243,51,7.25
218,257,94,7.45
218,266,6,7.65
218,252,23,7.35
218,256,68,7.35
218,257,11,7.45
218,259,63,7.45
218,265,59,7.55
218,261,81,7.45
218,253,17,7.35
218,261,63,7.45
218,219,2,7.15
218,255,13,7.35
218,248,14,7.35
218,261,96,7.45
218,256,14,7.35
218,242,10,7.25
218,224,7,7.15
218,266,107,7.65
218,198,26,7.05
218,257,50,7.45
218,260,4,7.45
218,265,50,7.55
218,266,119,7.65
218,263,9,7.35
218,265,5,7.55
218,257,83,7.45
218,221,41,7.15
218,237,34,7.25
218,265,15,7.55
218,256,73,7.35
218,260,45,7.45
218,259,88,7.45
218,255,40,7.35
218,239,35,7.25
218,250,81,7.35
218,267,92,7.75
218,255,86,7.35
218,263,5,7.35
218,264,59,7.45
218,257,101,7.45
218,264,107,7.45
218,265,98,7.55
218,218,15,7.15
218,261,30,7.45
218,264,56,7.45
218,254,82,7.35
218,237,51,7.25
218,242,1,7.25
218,260,48,7.45
218,243,25,7.25
218,265,65,7.55
218,198,18,7.05
218,267,78,7.75
218,266,60,7.65
218,257,5,7.45
218,252,84,7.35
218,242,36,7.25
218,267,115,7.75
218,200,1,7.05
218,258,0,7.45
218,193,38,7.05
218,255,47,7.35
218,241,4,7.25
218,259,19,7.45
218,267,106,7.75
218,265,53,7.55
218,223,2,7.15
218,265,52,7.55
218,199,32,7.05
218,260,84,7.45
218,264,55,7.45
218,266,110,7.65
218,221,42,7.15
218,256,10,7.35
218,254,80,7.35
218,254,85,7.35
218,259,95,7.45
218,223,21,7.15
218,236,16,7.25
218,266,71,7.65
218,259,2,7.45
218,239,0,7.25
218,257,4,7.45
218,266,115,7.65
218,243,29,7.25
218,257,100,7.45
218,254,17,7.35
218,265,16,7.55
218,224,8,7.15
218,241,2,7.25
218,238,52,7.25
218,255,34,7.35
218,261,7,7.45
218,267,121,7.75
218,250,8,7.35
218,251,16,7.35
218,243,57,7.25
218,250,4,7.35
218,261,31,7.45
218,219,22,7.15
218,267,34,7.75
218,257,102,7.45
218,224,44,7.15
218,265,93,7.55
218,253,10,7.35
218,199,35,7.05
218,251,33,7.35
218,267,60,7.75
218,264,61,7.45
218,267,83,7.75
218,240,57,7.25
218,262,2,7.25
218,264,9,7.45
218,222,10,7.15
218,224,23,7.15
218,198,16,7.05
218,257,1,7.45
218,266,36,7.65
218,240,1,7.25
218,259,106,7.45
218,254,71,7.35
218,266,54,7.65
218,259,83,7.45
218,253,5,7.35
218,267,9,7.75
218,264,21,7.45
218,263,15,7.35
218,172,14,6.95
218,224,27,7.15
218,260,101,7.45
218,266,55,7.65
218,242,64,7.25
218,267,128,7.75
218,267,15,7.75
218,264,105,7.45
218,221,50,7.15
218,265,102,7.55
218,263,29,7.35
218,260,50,7.45
218,258,94,7.45
218,258,72,7.45
218,198,22,7.05
218,265,94,7.55
218,267,16,7.75
218,200,46,7.05
218,267,18,7.75
218,199,2,7.05
218,239,4,7.25
218,257,47,7.45
218,265,63,7.55
218,262,94,7.25
218,266,34,7.65
218,250,47,7.35
218,267,62,7.75
218,266,16,7.65
218,260,30,7.45
218,260,9,7.45
218,237,6,7.25
218,267,45,7.75
218,258,28,7.45
218,243,28,7.25
218,263,62,7.35
218,254,34,7.35
218,260,58,7.45
218,237,61,7.25
218,217,45,7.15
218,265,11,7.55
218,265,9,7.55
218,265,24,7.55
218,255,16,7.35
218,193,12,7.05
218,257,3,7.45
218,258,16,7.45
218,265,56,7.55
218,256,18,7.35
218,222,44,7.15
218,263,19,7.35
218,241,64,7.25
218,250,42,7.35
218,254,54,7.35
218,197,1,7.05
218,260,103,7.45
218,260,49,7.45
218,256,79,7.35
218,216,40,7.15
218,252,73,7.35
218,267,99,7.75
218,260,82,7.45
218,218,44,7.15
218,265,80,7.55
218,253,16,7.35
218,263,114,7.35
218,263,16,7.35
218,266,103,7.65
218,263,32,7.35
218,255,4,7.35
218,267,70,7.75
218,252,77,7.35
218,233,26,7.25
218,243,14,7.25
218,265,105,7.55
218,266,86,7.65
218,263,83,7.35
218,264,114,7.45
218,242,39,7.25
218,264,63,7.45
218,264,70,7.45
218,252,13,7.35
218,260,80,7.45
218,198,1,7.05
218,264,77,7.45
218,222,33,7.15
218,247,22,7.35
218,224,2,7.15
218,242,3,7.25
218,267,102,7.75
218,267,64,7.75
218,267,43,7.75
218,263,67,7.35
218,267,75,7.75
218,257,13,7.45
218,256,3,7.35
218,266,80,7.65
218,252,69,7.35
218,243,34,7.25
218,267,69,7.75
218,260,13,7.45
218,241,26,7.25
218,257,55,7.45
218,259,62,7.45
218,251,9,7.35
218,258,10,7.45
218,196,18,7.05
218,255,3,7.35
218,200,0,7.05
218,253,70,7.35
218,247,64,7.35
218,259,11,7.45
218,170,12,6.95
218,261,99,7.45
218,256,12,7.35
218,260,107,7.45
218,241,35,7.25
218,249,3,7.35
218,242,41,7.25
218,261,21,7.45
218,256,89,7.35
218,220,31,7.15
218,219,49,7.15
218,257,92,7.45
218,248,3,7.35
218,263,25,7.35
218,239,5,7.25
218,239,62,7.25
218,266,21,7.65
218,238,33,7.25
218,170,26,6.95
218,241,30,7.25
218,266,29,7.65
218,251,47,7.35
218,253,20,7.35
218,266,13,7.65
218,267,50,7.75
218,266,42,7.65
218,260,62,7.45
218,263,8,7.35
218,265,28,7.55
218,219,27,7.15
218,263,66,7.35
218,259,104,7.45
218,138,11,6.85
218,247,18,7.35
218,266,19,7.65
218,239,56,7.25
218,256,71,7.35
218,223,49,7.15
218,267,27,7.75
218,243,32,7.25
218,249,50,7.35
218,221,45,7.15
218,266,17,7.65
218,242,11,7.25
218,217,9,7.15
218,257,97,7.45
218,239,17,7.25
218,224,4,7.15
218,261,100,7.45
218,266,56,7.65
218,261,41,7.45
218,266,62,7.65
218,266,122,7.65
218,261,62,7.45
218,249,35,7.35
218,264,25,7.45
218,224,3,7.15
218,261,54,7.45
218,256,38,7.35
218,240,12,7.25
218,256,39,7.35
218,264,30,7.45
218,267,57,7.75
218,260,108,7.45
218,240,58,7.25
218,240,34,7.25
218,259,96,7.45
218,224,46,7.15
218,265,32,7.55
218,251,77,7.35
218,255,94,7.35
218,256,34,7.35
218,223,10,7.15
218,259,72,7.45
218,241,0,7.25
218,255,8,7.35
218,259,21,7.45
218,267,98,7.75
218,257,80,7.45
218,250,20,7.35
218,265,18,7.55
218,267,49,7.75
218,267,38,7.75
218,254,78,7.35
218,259,113,7.45
218,259,100,7.45
218,236,32,7.25
218,255,64,7.35
218,243,58,7.25
218,253,53,7.35
218,237,33,7.25
218,238,20,7.25
218,260,90,7.45
218,260,5,7.45
218,254,37,7.35
218,194,37,7.05
218,266,112,7.65
218,266,87,7.65
218,260,52,7.45
218,253,76,7.35
218,261,10,7.45
218,255,77,7.35
218,240,0,7.25
218,265,46,7.55
218,254,14,7.35
218,266,118,7.65
218,265,110,7.55
218,267,80,7.75
218,255,9,7.35
218,256,35,7.35
218,267,65,7.75
218,266,3,7.65
218,259,47,7.45
218,263,55,7.35
218,240,5,7.25
218,265,117,7.55
218,265,66,7.55
218,261,55,7.45
218,261,49,7.45
218,243,61,7.25
218,236,36,7.25
218,266,74,7.65
218,266,67,7.65
218,264,73,7.45
218,243,31,7.25
218,264,62,7.45
218,258,47,7.45
218,259,86,7.45
218,242,68,7.25
218,222,50,7.15
218,241,5,7.25
218,223,20,7.15
218,258,13,7.45
218,267,104,7.75
218,223,44,7.15
218,257,51,7.45
218,263,98,7.35
218,265,106,7.55
218,221,5,7.15
218,265,35,7.55
218,259,24,7.45
218,243,7,7.25
218,263,22,7.35
218,265,2,7.55
218,265,23,7.55
218,265,33,7.55
218,267,4,7.75
218,264,1,7.45
218,248,41,7.35
218,266,81,7.65
218,259,6,7.45
218,265,0,7.55
218,264,124,7.45
218,264,99,7.45
218,264,12,7.45
218,266,9,7.65
218,264,111,7.45
218,252,0,7.35
218,255,44,7.35
218,248,37,7.35
218,265,22,7.55
218,167,17,6.95
218,259,51,7.45
218,258,40,7.45
218,258,85,7.45
218,265,3,7.55
218,266,7,7.65
218,252,76,7.35
218,260,53,7.45
218,258,61,7.45
218,241,71,7.25
218,261,5,7.45
218,238,39,7.25
218,256,44,7.35
218,219,24,7.15
218,243,13,7.25
218,267,123,7.75
218,251,22,7.35
218,267,118,7.75
218,222,45,7.15
218,264,50,7.45
218,245,71,7.35
218,251,4,7.35
218,265,29,7.55
218,264,8,7.45
218,265,100,7.55
218,223,26,7.15
218,255,67,7.35
218,267,7,7.75
218,265,70,7.55
218,252,5,7.35
218,265,6,7.55
218,237,62,7.25
218,257,10,7.45
218,172,6,6.95
218,255,35,7.35
218,258,43,7.45
218,252,9,7.35
218,267,6,7.75
218,200,2,7.05
218,267,2,7.75
218,242,12,7.25
218,240,2,7.25
218,255,45,7.35
218,267,81,7.75
218,261,61,7.45
218,261,83,7.45
218,258,3,7.45
218,259,12,7.45
218,242,54,7.25
218,252,15,7.35
218,266,32,7.65
218,263,23,7.35
218,267,21,7.75
218,252,38,7.35
218,265,10,7.55
218,256,43,7.35
218,265,4,7.55
218,252,28,7.35
218,265,34,7.55
218,261,8,7.45
218,267,66,7.75
218,258,106,7.45
218,260,89,7.45
218,241,36,7.25
218,265,17,7.55
218,256,11,7.35
218,267,20,7.75
218,261,89,7.45
218,259,42,7.45
218,267,3,7.75
218,260,73,7.45
218,255,68,7.35
218,254,50,7.35
218,220,42,7.15
218,166,31,6.95
218,253,35,7.35
218,267,13,7.75
218,257,43,7.45
218,256,21,7.35
218,259,14,7.45
218,259,10,7.45
218,249,47,7.35
218,245,42,7.35
218,261,91,7.45
218,261,86,7.45
218,259,61,7.45
218,266,24,7.65
218,256,80,7.35
218,255,81,7.35
218,267,71,7.75
218,260,110,7.45
218,251,14,7.35
218,253,15,7.35
218,165,15,6.95
218,264,0,7.45
218,263,113,7.35
218,254,18,7.35
218,224,33,7.15
218,258,51,7.45
218,239,1,7.25
218,241,56,7.25
218,261,14,7.45
218,260,16,7.45
218,260,67,7.45
218,199,26,7.05
218,258,50,7.45
218,254,75,7.35
218,195,16,7.05
218,198,38,7.05
218,264,101,7.45
218,241,54,7.25
218,260,105,7.45
218,254,86,7.35
218,261,45,7.45
218,165,0,6.95
218,200,16,7.05
218,251,54,7.35
218,266,5,7.65
218,256,32,7.35
218,216,27,7.15
218,265,62,7.55
218,243,8,7.25
218,246,33,7.35
218,255,78,7.35
218,263,54,7.35
218,257,57,7.45
218,263,81,7.35
218,258,89,7.45
218,241,13,7.25
218,224,24,7.15
218,259,85,7.45
218,265,129,7.55
218,239,32,7.25
218,259,82,7.45
218,242,63,7.25
218,267,1,7.75
218,261,110,7.45
218,265,60,7.55
218,265,72,7.55
218,267,122,7.75
218,254,67,7.35
218,221,40,7.15
218,238,2,7.25
218,250,1,7.35
218,264,58,7.45
218,253,88,7.35
218,243,60,7.25
218,217,53,7.15
218,253,21,7.35
218,265,116,7.55
218,257,53,7.45
218,252,12,7.35
218,257,104,7.45
218,265,73,7.55
218,255,55,7.35
218,260,60,7.45
218,254,35,7.35
218,266,120,7.65
218,250,67,7.35
218,266,70,7.65
218,242,8,7.25
218,253,24,7.35
218,241,9,7.25
218,266,12,7.65
218,267,55,7.75
218,266,113,7.65
218,265,115,7.55
218,266,27,7.65
218,261,13,7.45
218,264,71,7.45
218,267,31,7.75
218,222,7,7.15
218,255,21,7.35
218,255,74,7.35
218,254,52,7.35
218,243,53,7.25
218,264,85,7.45
218,265,30,7.55
218,242,40,7.25
218,200,3,7.05
218,265,38,7.55
218,265,118,7.55
218,267,120,7.75
218,220,27,7.15
218,266,68,7.65
218,256,33,7.35
218,223,40,7.15
218,249,93,7.35
218,224,41,7.15
218,265,57,7.55
218,267,25,7.75
218,224,48,7.15
218,267,112,7.75
218,241,51,7.25
218,267,131,7.75
218,256,0,7.35
218,265,58,7.55
218,251,6,7.35
218,247,42,7.35
218,261,4,7.45
218,254,5,7.35
218,255,42,7.35
218,266,79,7.65
218,242,61,7.25
218,254,45,7.35
218,266,65,7.65
218,252,66,7.35
218,261,32,7.45
218,261,19,7.45
218,243,1,7.25
218,242,30,7.25
218,224,0,7.15
218,252,19,7.35
218,238,30,7.25
218,267,61,7.75
218,267,73,7.75
218,267,110,7.75
218,267,77,7.75
218,224,25,7.15
218,265,37,7.55
218,253,43,7.35
218,259,3,7.45
218,253,69,7.35
218,265,99,7.55
218,266,30,7.65
218,236,4,7.25
218,238,42,7.25
218,267,93,7.75
218,267,40,7.75
218,220,52,7.15
218,258,64,7.45
218,256,87,7.35
218,266,69,7.65
218,252,11,7.35
218,240,28,7.25
218,266,10,7.65
218,242,60,7.25
218,255,11,7.35
218,255,39,7.35
218,253,34,7.35
218,256,64,7.35
218,267,107,7.75
218,261,105,7.45
218,267,12,7.75
218,260,88,7.45
218,266,23,7.65
218,266,51,7.65
218,255,36,7.35
218,261,65,7.45
218,267,29,7.75
218,267,87,7.75
218,263,129,7.35
218,265,51,7.55
218,265,7,7.55
218,266,88,7.65
218,222,21,7.15
218,265,64,7.55
218,257,15,7.45
218,198,17,7.05
218,250,36,7.35
218,259,92,7.45
218,242,38,7.25
218,265,25,7.55
218,243,3,7.25
218,241,50,7.25
218,258,93,7.45
218,259,8,7.45
218,260,83,7.45
218,266,49,7.65
218,267,114,7.75
218,265,27,7.55
218,260,54,7.45
218,251,71,7.35
218,255,79,7.35
218,223,31,7.15
218,258,99,7.45
218,222,0,7.15
218,252,82,7.35
218,266,132,7.65
218,265,120,7.55
218,266,98,7.65
218,243,26,7.25
218,253,46,7.35
218,224,6,7.15
218,257,90,7.45
218,219,30,7.15
218,260,6,7.45
218,264,113,7.45
218,261,98,7.45
218,256,7,7.35
218,259,0,7.45
218,254,56,7.35
218,266,47,7.65
218,267,30,7.75
218,259,33,7.45
218,266,84,7.65
218,260,24,7.45
218,267,109,7.75
218,266,108,7.65
218,248,2,7.35
218,261,25,7.45
218,267,0,7.75
218,254,77,7.35
218,253,1,7.35
218,265,113,7.55
218,223,29,7.15
218,266,77,7.65
218,264,83,7.45
218,265,125,7.55
218,254,6,7.35
218,267,53,7.75
218,255,70,7.35
218,256,1,7.35
218,239,13,7.25
218,264,106,7.45
218,261,88,7.45
218,259,54,7.45
218,261,97,7.45
218,241,33,7.25
218,257,2,7.45
218,256,9,7.35
218,266,26,7.65
218,251,37,7.35
218,256,86,7.35
218,263,97,7.35
218,259,25,7.45
218,255,17,7.35
218,267,82,7.75
218,223,48,7.15
218,172,24,6.95
218,267,95,7.75
218,256,46,7.35
218,241,32,7.25
218,240,11,7.25
218,257,0,7.45
218,260,17,7.45
218,259,35,7.45
218,261,29,7.45
218,263,64,7.35
218,261,94,7.45
218,258,45,7.45
218,263,0,7.35
218,254,46,7.35
218,256,19,7.35
218,267,54,7.75
218,242,70,7.25
218,266,117,7.65
218,257,106,7.45
218,255,76,7.35
218,249,81,7.35
218,236,67,7.25
218,266,28,7.65
218,265,77,7.55
218,266,22,7.65
218,222,5,7.15
218,261,50,7.45
218,223,30,7.15
218,260,97,7.45
218,266,100,7.65
218,265,130,7.55
218,263,7,7.35
218,255,14,7.35
218,257,52,7.45
218,265,20,7.55
218,265,111,7.55
218,259,103,7.45
218,198,7,7.05
218,254,16,7.35
218,265,39,7.55
218,240,26,7.25
218,265,107,7.55
218,267,88,7.75
218,248,13,7.35
218,236,13,7.25
218,222,11,7.15
218,197,7,7.05
218,267,119,7.75
218,251,0,7.35
218,249,54,7.35
218,267,52,7.75
218,266,106,7.65
218,243,37,7.25
218,259,40,7.45
218,266,101,7.65
218,267,14,7.75
218,265,69,7.55
218,241,68,7.25
218,266,35,7.65
218,265,74,7.55
218,221,4,7.15
218,221,10,7.15
218,266,57,7.65
218,196,3,7.05
218,264,64,7.45
218,267,46,7.75
218,242,34,7.25
218,220,45,7.15
218,251,11,7.35
218,198,34,7.05
218,252,39,7.35
218,261,109,7.45
218,264,115,7.45
218,255,0,7.35
218,264,18,7.45
218,267,85,7.75
218,261,12,7.45
218,266,109,7.65
218,257,42,7.45
218,256,2,7.35
218,243,33,7.25
218,264,27,7.45
218,255,85,7.35
218,256,5,7.35
218,267,37,7.75
218,253,64,7.35
218,257,32,7.45
218,265,112,7.55
218,242,9,7.25
218,242,27,7.25
218,261,112,7.45
218,267,97,7.75
218,260,64,7.45
218,224,55,7.15
218,240,50,7.25
218,254,73,7.35
218,267,39,7.75
218,258,103,7.45
218,222,43,7.15
218,267,42,7.75
218,265,85,7.55
218,239,59,7.25
218,260,40,7.45
218,243,11,7.25
218,238,57,7.25
218,172,27,6.95
218,267,94,7.75
218,266,53,7.65
218,266,78,7.65
218,260,33,7.45
218,241,57,7.25
218,264,7,7.45
218,242,28,7.25
218,264,97,7.45
218,259,81,7.45
218,264,118,7.45
218,242,50,7.25
218,266,1,7.65
218,252,32,7.35
218,249,64,7.35
218,254,0,7.35
218,266,31,7.65
218,264,14,7.45
218,263,103,7.35
218,255,66,7.35
218,223,53,7.15
218,241,29,7.25
218,259,7,7.45
218,242,62,7.25
218,257,49,7.45
218,241,67,7.25
218,255,75,7.35
218,260,86,7.45
218,243,0,7.25
218,240,53,7.25
218,242,33,7.25
218,260,69,7.45
218,259,32,7.45
218,260,61,7.45
218,256,4,7.35
218,221,47,7.15
218,257,114,7.45
218,266,8,7.65
218,254,22,7.35
218,199,16,7.05
218,243,30,7.25
218,261,67,7.45
218,251,76,7.35
218,266,96,7.65
218,239,64,7.25
218,220,40,7.15
218,266,46,7.65
218,267,132,7.75
218,261,24,7.45
218,266,15,7.65
218,261,93,7.45
218,265,97,7.55
218,218,49,7.15
218,256,50,7.35
218,267,130,7.75
218,239,54,7.25
218,220,49,7.15
218,258,74,7.45
218,266,116,7.65
218,239,33,7.25
218,266,52,7.65
218,267,72,7.75
218,266,50,7.65
218,265,114,7.55
218,199,43,7.05
218,266,125,7.65
218,267,101,7.75
218,254,53,7.35
218,256,8,7.35
218,265,128,7.55
218,267,134,7.75
218,266,97,7.65
218,253,3,7.35
218,256,61,7.35
218,257,59,7.45
218,199,19,7.05
218,221,44,7.15
218,266,40,7.65
218,249,69,7.35
218,264,72,7.45
218,243,52,7.25
218,238,12,7.25
218,217,55,7.15
218,259,4,7.45
218,248,11,7.35
218,267,79,7.75
218,263,3,7.35
218,252,44,7.35
218,254,2,7.35
218,259,55,7.45
218,241,60,7.25
218,248,70,7.35
218,224,37,7.15
218,267,136,7.75
218,267,48,7.75
218,241,10,7.25
218,263,2,7.35
218,259,28,7.45
218,252,42,7.35
218,264,66,7.45
218,264,93,7.45
218,264,120,7.45
218,260,81,7.45
218,258,8,7.45
218,261,44,7.45
218,255,37,7.35
218,267,56,7.75
218,259,91,7.45
218,259,90,7.45
218,256,41,7.35
218,267,127,7.75
218,264,67,7.45
218,250,72,7.35
218,218,52,7.15
218,255,12,7.35
218,257,9,7.45
218,265,8,7.55
218,266,58,7.65
218,258,88,7.45
218,256,20,7.35
218,254,81,7.35
218,221,23,7.15
218,240,8,7.25
218,249,58,7.35
218,257,110,7.45
218,255,1,7.35
218,239,6,7.25
218,255,18,7.35
218,258,91,7.45
218,261,90,7.45
218,258,73,7.45
218,267,68,7.75
218,266,85,7.65
218,239,36,7.25
218,266,94,7.65
218,223,3,7.15
218,252,3,7.35
218,194,4,7.05
218,249,4,7.35
218,254,7,7.35
218,260,91,7.45
218,267,26,7.75
218,259,44,7.45
218,198,41,7.05
218,266,104,7.65
218,257,71,7.45
218,221,6,7.15
218,267,96,7.75
218,267,59,7.75
218,237,53,7.25
218,265,75,7.55
218,242,5,7.25
218,264,24,7.45
218,240,32,7.25
218,260,42,7.45
218,222,29,7.15
218,199,18,7.05
218,259,68,7.45
218,263,95,7.35
218,252,81,7.35
218,250,45,7.35
218,248,39,7.35
218,255,41,7.35
218,265,81,7.55
218,197,0,7.05
218,256,49,7.35
218,259,109,7.45
218,197,21,7.05
218,253,41,7.35
218,265,14,7.55
218,260,55,7.45
218,263,109,7.35
218,266,66,7.65
218,254,12,7.35
218,254,39,7.35
218,266,63,7.65
218,259,93,7.45
218,267,67,7.75
218,241,1,7.25
218,265,1,7.55
218,267,51,7.75
218,261,40,7.45
218,265,109,7.55
218,258,26,7.45
218,259,69,7.45
218,256,78,7.35
218,258,112,7.45
218,261,20,7.45
218,196,33,7.05
218,258,57,7.45
218,259,57,7.45
218,253,23,7.35
218,260,92,7.45
218,266,33,7.65
218,266,11,7.65
218,263,24,7.35
218,249,7,7.35
218,264,46,7.45
218,266,92,7.65
218,259,29,7.45
218,235,2,7.25
218,265,49,7.55
218,239,58,7.25
218,264,69,7.45
218,256,88,7.35
218,266,72,7.65
218,261,3,7.45
218,249,42,7.35
218,240,39,7.25
218,266,0,7.65
218,267,86,7.75
218,251,21,7.35
218,265,76,7.55
218,171,1,6.95
218,242,67,7.25
218,266,129,7.65
218,265,47,7.55
218,264,129,7.45
218,261,104,7.45
218,266,20,7.65
218,262,119,7.25
218,260,10,7.45
218,242,51,7.25
218,253,13,7.35
218,260,68,7.45
218,222,53,7.15
218,265,26,7.55
218,264,6,7.45
218,256,16,7.35
218,265,83,7.55
218,261,28,7.45
218,195,39,7.05
218,252,47,7.35
218,260,56,7.45
218,266,123,7.65
218,266,95,7.65
218,259,58,7.45
218,223,41,7.15
218,198,23,7.05
218,257,84,7.45
218,241,27,7.25
218,246,75,7.35
218,172,21,6.95
218,257,81,7.45
218,251,52,7.35
218,264,108,7.45
218,265,48,7.55
218,266,102,7.65
218,265,13,7.55
218,252,4,7.35
218,258,83,7.45
218,259,50,7.45
218,222,30,7.15
218,220,26,7.15
218,240,68,7.25
218,254,11,7.35
218,261,72,7.45
218,267,47,7.75
218,265,108,7.55
218,266,73,7.65
218,216,51,7.15
218,251,67,7.35
218,267,74,7.75
218,223,22,7.15
218,196,39,7.05
218,267,125,7.75
218,242,26,7.25
218,258,71,7.45
218,261,53,7.45
218,267,17,7.75
218,250,41,7.35
218,256,76,7.35
218,261,0,7.45
218,260,46,7.45
218,259,97,7.45
218,220,5,7.15
218,258,82,7.45
218,235,52,7.25
218,266,25,7.65
218,267,116,7.75
218,240,52,7.25
218,262,61,7.25
218,235,31,7.25
218,250,27,7.35
218,266,126,7.65
218,255,43,7.35
218,266,48,7.65
218,253,2,7.35
218,251,44,7.35
218,262,22,7.25
218,258,29,7.45
218,261,16,7.45
218,250,65,7.35
218,259,87,7.45
218,258,11,7.45
218,267,24,7.75
218,266,105,7.65
218,237,58,7.25
218,266,59,7.65
218,267,63,7.75
218,254,8,7.35
218,242,14,7.25
218,218,3,7.15
218,260,94,7.45
218,256,54,7.35
218,221,28,7.15
218,265,67,7.55
218,266,39,7.65
218,260,22,7.45
218,267,105,7.75
218,267,33,7.75
218,259,84,7.45
218,217,51,7.15
218,264,103,7.45
218,243,2,7.25
218,257,40,7.45
218,264,117,7.45
218,261,103,7.45
218,198,3,7.05
218,261,82,7.45
218,257,70,7.45
218,250,91,7.35
218,256,72,7.35
218,267,103,7.75
218,263,78,7.35
218,250,87,7.35
218,261,48,7.45
218,267,41,7.75
218,220,11,7.15
218,264,104,7.45
218,223,27,7.15
218,264,53,7.45
218,261,85,7.45
218,249,22,7.35
218,267,124,7.75
218,267,100,7.75
218,260,102,7.45
218,267,32,7.75
218,243,18,7.25
218,257,24,7.45
218,264,51,7.45
218,260,15,7.45
218,216,3,7.15
218,260,98,7.45
218,264,81,7.45
218,260,21,7.45
218,239,43,7.25
218,255,20,7.35
218,236,56,7.25
218,257,6,7.45
218,267,36,7.75
218,243,12,7.25
218,220,2,7.15
218,261,2,7.45
218,264,17,7.45
218,260,113,7.45
218,255,7,7.35
218,250,59,7.35
218,239,25,7.25
218,241,34,7.25
218,258,27,7.45
218,262,63,7.25
218,267,111,7.75
218,266,93,7.65
218,264,15,7.45
218,259,48,7.45
218,254,44,7.35
218,253,22,7.35
218,167,3,6.95
218,167,12,6.95
218,198,35,7.05
218,224,43,7.15
218,258,86,7.45
218,247,3,7.35
218,253,81,7.35
218,223,32,7.15
218,261,42,7.45
218,169,26,6.95
218,243,36,7.25
218,266,75,7.65
218,252,10,7.35
218,252,8,7.35
218,265,122,7.55
218,239,42,7.25
218,260,7,7.45
218,250,40,7.35
218,266,37,7.65
218,248,4,7.35
218,267,58,7.75
218,261,9,7.45
218,265,103,7.55
218,243,5,7.25
218,223,1,7.15
218,260,19,7.45
218,261,92,7.45
218,267,11,7.75
218,261,23,7.45
218,253,85,7.35
218,264,28,7.45
218,240,17,7.25
218,254,38,7.35
218,240,35,7.25
218,265,12,7.55
218,168,13,6.95
218,255,72,7.35
218,259,99,7.45
218,259,9,7.45
218,267,22,7.75
218,266,2,7.65
218,266,114,7.65
218,265,19,7.55
218,255,82,7.35
218,242,59,7.25
218,257,30,7.45
218,265,55,7.55
218,266,128,7.65
218,263,74,7.35
218,266,38,7.65
218,256,67,7.35
218,265,104,7.55
218,267,108,7.75
218,266,124,7.65
218,264,92,7.45
218,199,3,7.05
218,254,68,7.35
218,242,25,7.25
218,264,2,7.45
218,267,10,7.75
218,238,3,7.25
218,251,74,7.35
218,256,48,7.35
218,219,12,7.15
218,260,114,7.45
218,260,8,7.45
218,223,47,7.15
218,250,43,7.35
218,258,98,7.45
218,256,70,7.35
218,261,108,7.45
218,264,10,7.45
218,251,36,7.35
218,254,64,7.35
218,259,75,7.45
218,258,100,7.45
218,221,29,7.15
218,267,19,7.75
218,258,111,7.45
218,255,22,7.35
218,239,30,7.25
218,252,45,7.35
218,260,72,7.45
218,256,45,7.35
218,267,5,7.75
218,251,20,7.35
218,223,9,7.15
218,199,0,7.05
218,255,69,7.35
218,265,84,7.55
218,267,126,7.75
218,261,56,7.45
218,261,43,7.45
218,267,8,7.75
218,257,93,7.45
218,257,96,7.45
218,263,17,7.35
218,254,84,7.35
218,239,3,7.25
218,265,68,7.55
218,250,80,7.35
218,259,71,7.45
218,267,117,7.75
218,198,36,7.05
218,265,121,7.55
218,223,25,7.15
218,243,39,7.25
218,266,99,7.65
218,253,83,7.35
218,266,64,7.65
218,257,20,7.45
218,267,23,7.75
218,239,68,7.25
218,267,129,7.75
218,239,50,7.25
218,263,14,7.35
218,267,113,7.75
218,258,65,7.45
218,224,5,7.15
218,259,67,7.45
218,263,33,7.35
218,267,76,7.75
218,255,5,7.35
218,259,98,7.45
218,238,7,7.25
218,241,14,7.25
218,264,102,7.45
218,253,18,7.35
218,266,121,7.65
218,263,121,7.35
218,266,76,7.65
218,260,99,7.45
218,266,4,7.65
218,252,64,7.35
218,261,69,7.45
218,267,28,7.75
218,251,84,7.35
218,266,82,7.65
218,261,52,7.45
218,260,3,7.45
218,261,17,7.45
218,257,99,7.45
218,261,18,7.45
218,264,116,7.45
218,253,80,7.35
218,224,12,7.15
218,263,125,7.35
218,240,3,7.25
218,255,73,7.35
218,266,18,7.65
218,250,34,7.35
218,264,68,7.45
218,265,119,7.55
218,216,42,7.15
218,253,0,7.35
218,259,60,7.45
219,257,47,7.45
219,266,74,7.65
219,229,59,7.25
219,261,54,7.45
219,203,37,7.15
219,227,59,7.25
219,258,110,7.45
219,178,30,7.05
219,226,49,7.25
219,267,122,7.75
219,247,78,7.35
219,258,15,7.45
219,266,56,7.65
219,247,18,7.35
219,267,104,7.75
219,267,6,7.75
219,174,9,7.05
219,260,22,7.45
219,202,13,7.15
219,267,115,7.75
219,228,15,7.25
219,244,31,7.35
219,266,26,7.65
219,265,65,7.55
219,264,120,7.45
219,266,7,7.65
219,225,59,7.25
219,263,30,7.35
219,246,82,7.35
219,261,86,7.45
219,267,99,7.75
219,267,91,7.75
219,257,15,7.45
219,244,63,7.35
219,206,37,7.15
219,266,32,7.65
219,247,86,7.35
219,258,77,7.45
219,250,54,7.35
219,265,86,7.55
219,257,79,7.45
219,267,26,7.75
219,232,66,7.25
219,258,112,7.45
219,265,76,7.55
219,266,21,7.65
219,266,105,7.65
219,257,97,7.45
219,227,8,7.25
219,246,10,7.35
219,230,34,7.25
219,261,7,7.45
219,248,27,7.35
219,265,99,7.55
219,245,44,7.35
219,257,23,7.45
219,174,45,7.05
219,245,18,7.35
219,267,18,7.75
219,227,37,7.25
219,266,70,7.65
219,179,5,7.05
219,245,48,7.35
219,260,29,7.45
219,260,113,7.45
219,245,61,7.35
219,266,73,7.65
219,267,120,7.75
219,249,23,7.35
219,258,72,7.45
219,259,66,7.45
219,265,53,7.55
219,144,29,6.95
219,264,74,7.45
219,175,13,7.05
219,247,49,7.35
219,227,11,7.25
219,260,61,7.45
219,263,87,7.35
219,263,94,7.35
219,231,66,7.25
219,244,70,7.35
219,265,119,7.55
219,204,15,7.15
219,227,24,7.25
219,226,63,7.25
219,257,92,7.45
219,257,37,7.45
219,246,87,7.35
219,264,17,7.45
219,247,44,7.35
219,204,59,7.15
219,245,62,7.35
219,225,39,7.25
219,258,84,7.45
219,244,79,7.35
219,267,32,7.75
219,260,48,7.45
219,245,7,7.35
219,174,29,7.05
219,259,32,7.45
219,204,52,7.15
219,266,13,7.65
219,264,11,7.45
219,225,73,7.25
219,259,54,7.45
219,177,23,7.05
219,232,49,7.25
219,202,10,7.15
219,267,54,7.75
219,266,82,7.65
219,228,36,7.25
219,259,21,7.45
219,225,30,7.25
219,267,68,7.75
219,264,44,7.45
219,265,39,7.55
219,267,55,7.75
219,257,16,7.45
219,265,24,7.55
219,264,25,7.45
219,246,7,7.35
219,232,4,7.25
219,252,89,7.35
219,267,117,7.75
219,225,61,7.25
219,244,85,7.35
219,264,125,7.45
219,226,72,7.25
219,247,12,7.35
219,228,37,7.25
219,258,21,7.45
219,267,44,7.75
219,244,54,7.35
219,261,96,7.45
219,261,113,7.45
219,264,66,7.45
219,225,67,7.25
219,265,14,7.55
219,265,32,7.55
219,201,56,7.15
219,258,27,7.45
219,257,30,7.45
219,245,90,7.35
219,247,24,7.35
219,245,89,7.35
219,266,81,7.65
219,207,48,7.15
219,258,109,7.45
219,175,44,7.05
219,259,70,7.45
219,244,69,7.35
219,228,44,7.25
219,266,117,7.65
219,261,48,7.45
219,234,47,7.25
219,259,101,7.45
219,265,21,7.55
219,226,61,7.25
219,257,12,7.45
219,259,18,7.45
219,250,43,7.35
219,257,110,7.45
219,247,61,7.35
219,249,22,7.35
219,227,42,7.25
219,263,81,7.35
219,259,102,7.45
219,267,100,7.75
219,244,94,7.35
219,173,31,7.05
219,264,16,7.45
219,228,31,7.25
219,265,104,7.55
219,231,16,7.25
219,225,65,7.25
219,244,59,7.35
219,260,84,7.45
219,259,53,7.45
219,249,58,7.35
219,229,53,7.25
219,266,130,7.65
219,251,50,7.35
219,267,93,7.75
219,265,30,7.55
219,244,20,7.35
219,248,25,7.35
219,261,90,7.45
219,227,61,7.25
219,266,108,7.65
219,225,69,7.25
219,265,109,7.55
219,233,19,7.25
219,267,23,7.75
219,258,56,7.45
219,248,77,7.35
219,266,72,7.65
219,246,60,7.35
219,263,103,7.35
219,228,14,7.25
219,264,36,7.45
219,267,24,7.75
219,264,51,7.45
219,249,84,7.35
219,249,83,7.35
219,259,63,7.45
219,229,65,7.25
219,259,88,7.45
219,266,134,7.65
219,245,63,7.35
219,267,48,7.75
219,267,63,7.75
219,266,61,7.65
219,229,63,7.25
219,264,7,7.45
219,267,127,7.75
219,257,108,7.45
219,111,19,6.85
219,225,44,7.25
219,259,15,7.45
219,203,9,7.15
219,248,54,7.35
219,259,36,7.45
219,264,132,7.45
219,267,4,7.75
219,259,10,7.45
219,264,80,7.45
219,207,14,7.15
219,208,33,7.15
219,265,123,7.55
219,267,43,7.75
219,257,84,7.45
219,245,85,7.35
219,246,79,7.35
219,244,21,7.35
219,226,16,7.25
219,265,38,7.55
219,201,10,7.15
219,245,52,7.35
219,265,42,7.55
219,249,21,7.35
219,244,82,7.35
219,257,28,7.45
219,244,75,7.35
219,265,28,7.55
219,263,119,7.35
219,267,37,7.75
219,265,83,7.55
219,257,100,7.45
219,265,60,7.55
219,231,62,7.25
219,261,58,7.45
219,267,82,7.75
219,251,79,7.35
219,233,63,7.25
219,265,68,7.55
219,244,80,7.35
219,267,69,7.75
219,206,39,7.15
219,174,26,7.05
219,266,58,7.65
219,267,133,7.75
219,245,16,7.35
219,227,64,7.25
219,267,118,7.75
219,265,91,7.55
219,265,61,7.55
219,250,56,7.35
219,259,112,7.45
219,245,46,7.35
219,208,56,7.15
219,230,63,7.25
219,259,91,7.45
219,264,112,7.45
219,143,35,6.95
219,246,59,7.35
219,267,105,7.75
219,259,39,7.45
219,267,36,7.75
219,229,35,7.25
219,267,137,7.75
219,207,50,7.15
219,264,43,7.45
219,267,58,7.75
219,264,133,7.45
219,266,110,7.65
219,247,13,7.35
219,265,80,7.55
219,257,93,7.45
219,266,79,7.65
219,174,11,7.05
219,265,116,7.55
219,227,47,7.25
219,173,45,7.05
219,266,59,7.65
219,228,18,7.25
219,257,9,7.45
219,266,111,7.65
219,258,38,7.45
219,250,7,7.35
219,202,58,7.15
219,265,62,7.55
219,248,92,7.35
219,244,25,7.35
219,209,39,7.15
219,206,33,7.15
219,267,98,7.75
219,259,11,7.45
219,258,59,7.45
219,226,60,7.25
219,258,65,7.45
219,244,38,7.35
219,225,71,7.25
219,205,34,7.15
219,204,50,7.15
219,249,87,7.35
219,261,36,7.45
219,245,53,7.35
219,265,69,7.55
219,232,22,7.25
219,225,63,7.25
219,226,22,7.25
219,264,62,7.45
219,264,35,7.45
219,260,75,7.45
219,248,78,7.35
219,142,33,6.95
219,260,103,7.45
219,245,43,7.35
219,206,38,7.15
219,266,136,7.65
219,258,92,7.45
219,265,110,7.55
219,257,34,7.45
219,225,48,7.25
219,266,113,7.65
219,266,97,7.65
219,226,20,7.25
219,265,56,7.55
219,259,64,7.45
219,247,63,7.35
219,267,116,7.75
219,258,51,7.45
219,264,115,7.45
219,251,14,7.35
219,173,14,7.05
219,245,49,7.35
219,265,108,7.55
219,265,111,7.55
219,145,20,6.95
219,245,60,7.35
219,264,72,7.45
219,230,31,7.25
219,261,25,7.45
219,258,26,7.45
219,267,78,7.75
219,259,28,7.45
219,260,73,7.45
219,266,25,7.65
219,258,29,7.45
219,258,30,7.45
219,259,77,7.45
219,174,25,7.05
219,263,19,7.35
219,260,58,7.45
219,258,69,7.45
219,249,24,7.35
219,249,28,7.35
219,264,128,7.45
219,264,121,7.45
219,263,75,7.35
219,264,71,7.45
219,246,53,7.35
219,257,17,7.45
219,142,11,6.95
219,267,14,7.75
219,261,19,7.45
219,267,42,7.75
219,245,8,7.35
219,267,34,7.75
219,245,58,7.35
219,265,75,7.55
219,246,70,7.35
219,266,52,7.65
219,266,44,7.65
219,261,78,7.45
219,267,83,7.75
219,245,67,7.35
219,261,93,7.45
219,264,63,7.45
219,266,84,7.65
219,266,129,7.65
219,259,99,7.45
219,259,25,7.45
219,230,64,7.25
219,267,94,7.75
219,265,78,7.55
219,263,22,7.35
219,246,78,7.35
219,174,28,7.05
219,265,58,7.55
219,257,90,7.45
219,143,21,6.95
219,258,73,7.45
219,266,30,7.65
219,264,20,7.45
219,246,41,7.35
219,206,5,7.15
219,245,24,7.35
219,248,16,7.35
219,143,23,6.95
219,263,120,7.35
219,203,53,7.15
219,202,32,7.15
219,205,8,7.15
219,208,7,7.15
219,258,96,7.45
219,258,39,7.45
219,265,18,7.55
219,250,16,7.35
219,266,83,7.65
219,265,79,7.55
219,178,39,7.05
219,259,75,7.45
219,264,40,7.45
219,258,23,7.45
219,244,53,7.35
219,229,7,7.25
219,266,62,7.65
219,265,115,7.55
219,226,34,7.25
219,267,132,7.75
219,257,54,7.45
219,202,51,7.15
219,259,106,7.45
219,227,5,7.25
219,258,114,7.45
219,266,120,7.65
219,174,15,7.05
219,206,30,7.15
219,248,76,7.35
219,204,18,7.15
219,260,78,7.45
219,266,132,7.65
219,266,76,7.65
219,267,111,7.75
219,261,103,7.45
219,206,48,7.15
219,229,15,7.25
219,247,19,7.35
219,261,88,7.45
219,231,59,7.25
219,267,72,7.75
219,226,24,7.25
219,266,11,7.65
219,225,45,7.25
219,263,112,7.35
219,245,88,7.35
219,266,118,7.65
219,144,34,6.95
219,210,18,7.15
219,246,44,7.35
219,258,61,7.45
219,260,13,7.45
219,231,14,7.25
219,204,37,7.15
219,258,47,7.45
219,229,66,7.25
219,258,103,7.45
219,267,29,7.75
219,263,66,7.35
219,266,86,7.65
219,265,77,7.55
219,204,11,7.15
219,174,10,7.05
219,203,17,7.15
219,266,60,7.65
219,246,21,7.35
219,261,115,7.45
219,250,45,7.35
219,246,48,7.35
219,204,57,7.15
219,265,84,7.55
219,257,114,7.45
219,205,58,7.15
219,259,27,7.45
219,264,123,7.45
219,259,118,7.45
219,264,61,7.45
219,227,35,7.25
219,258,54,7.45
219,229,23,7.25
219,230,44,7.25
219,246,16,7.35
219,228,58,7.25
219,257,86,7.45
219,266,85,7.65
219,246,94,7.35
219,264,88,7.45
219,244,6,7.35
219,253,94,7.35
219,249,92,7.35
219,266,114,7.65
219,227,49,7.25
219,261,117,7.45
219,266,24,7.65
219,260,107,7.45
219,178,27,7.05
219,258,33,7.45
219,259,37,7.45
219,248,69,7.35
219,259,46,7.45
219,246,63,7.35
219,201,41,7.15
219,248,18,7.35
219,262,124,7.25
219,226,8,7.25
219,264,55,7.45
219,231,47,7.25
219,228,39,7.25
219,267,112,7.75
219,267,87,7.75
219,247,8,7.35
219,205,13,7.15
219,228,30,7.25
219,265,57,7.55
219,259,22,7.45
219,261,70,7.45
219,261,15,7.45
219,261,79,7.45
219,230,13,7.25
219,207,17,7.15
219,257,101,7.45
219,265,131,7.55
219,244,56,7.35
219,246,80,7.35
219,267,129,7.75
219,204,44,7.15
219,202,45,7.15
219,232,62,7.25
219,263,38,7.35
219,228,46,7.25
219,259,29,7.45
219,226,12,7.25
219,251,83,7.35
219,258,116,7.45
219,246,22,7.35
219,228,23,7.25
219,246,75,7.35
219,267,5,7.75
219,266,78,7.65
219,246,90,7.35
219,267,71,7.75
219,245,84,7.35
219,261,12,7.45
219,267,103,7.75
219,201,58,7.15
219,205,10,7.15
219,263,25,7.35
219,267,119,7.75
219,244,45,7.35
219,266,19,7.65
219,203,33,7.15
219,261,52,7.45
219,260,11,7.45
219,267,84,7.75
219,267,62,7.75
219,226,9,7.25
219,175,45,7.05
219,267,56,7.75
219,264,73,7.45
219,263,10,7.35
219,266,87,7.65
219,257,38,7.45
219,201,37,7.15
219,257,36,7.45
219,202,31,7.15
219,258,35,7.45
219,233,13,7.25
219,228,74,7.25
219,263,118,7.35
219,230,62,7.25
219,244,52,7.35
219,226,73,7.25
219,266,34,7.65
219,144,5,6.95
219,257,83,7.45
219,226,47,7.25
219,226,14,7.25
219,266,31,7.65
219,264,69,7.45
219,266,106,7.65
219,249,91,7.35
219,175,27,7.05
219,257,52,7.45
219,228,63,7.25
219,253,60,7.35
219,226,65,7.25
219,248,3,7.35
219,265,43,7.55
219,206,54,7.15
219,258,13,7.45
219,257,98,7.45
219,265,124,7.55
219,246,51,7.35
219,247,39,7.35
219,261,91,7.45
219,246,58,7.35
219,264,85,7.45
219,266,27,7.65
219,249,74,7.35
219,247,46,7.35
219,231,5,7.25
219,258,48,7.45
219,250,92,7.35
219,229,49,7.25
219,206,31,7.15
219,267,134,7.75
219,266,131,7.65
219,252,16,7.35
219,265,23,7.55
219,225,14,7.25
219,265,120,7.55
219,263,52,7.35
219,264,14,7.45
219,266,100,7.65
219,230,41,7.25
219,201,8,7.15
219,264,119,7.45
219,245,71,7.35
219,233,41,7.25
219,248,47,7.35
219,264,42,7.45
219,264,118,7.45
219,227,18,7.25
219,267,7,7.75
219,235,13,7.25
219,257,113,7.45
219,267,109,7.75
219,261,38,7.45
219,259,86,7.45
219,266,65,7.65
219,228,73,7.25
219,204,29,7.15
219,257,115,7.45
219,245,51,7.35
219,258,34,7.45
219,266,126,7.65
219,265,136,7.55
219,202,11,7.15
219,264,103,7.45
219,260,56,7.45
219,247,55,7.35
219,257,18,7.45
219,249,6,7.35
219,245,27,7.35
219,267,123,7.75
219,257,91,7.45
219,265,31,7.55
219,264,27,7.45
219,263,15,7.35
219,266,123,7.65
219,227,43,7.25
219,261,47,7.45
219,248,46,7.35
219,261,16,7.45
219,230,68,7.25
219,245,91,7.35
219,267,80,7.75
219,201,15,7.15
219,261,8,7.45
219,260,100,7.45
219,267,64,7.75
219,228,29,7.25
219,247,56,7.35
219,265,11,7.55
219,177,37,7.05
219,266,20,7.65
219,264,86,7.45
219,265,33,7.55
219,266,128,7.65
219,266,33,7.65
219,267,52,7.75
219,260,33,7.45
219,266,54,7.65
219,267,17,7.75
219,247,94,7.35
219,246,95,7.35
219,245,75,7.35
219,250,86,7.35
219,245,94,7.35
219,265,40,7.55
219,226,46,7.25
219,258,97,7.45
219,266,66,7.65
219,244,11,7.35
219,257,27,7.45
219,143,34,6.95
219,244,49,7.35
219,267,90,7.75
219,244,29,7.35
219,267,10,7.75
219,257,67,7.45
219,246,20,7.35
219,244,13,7.35
219,266,98,7.65
219,257,116,7.45
219,259,89,7.45
219,249,94,7.35
219,225,53,7.25
219,260,115,7.45
219,201,19,7.15
219,247,48,7.35
219,249,51,7.35
219,207,57,7.15
219,267,107,7.75
219,265,118,7.55
219,260,119,7.45
219,226,39,7.25
219,267,65,7.75
219,267,20,7.75
219,202,3,7.15
219,258,119,7.45
219,265,89,7.55
219,230,42,7.25
219,246,85,7.35
219,203,58,7.15
219,263,123,7.35
219,260,66,7.45
219,258,70,7.45
219,259,17,7.45
219,257,74,7.45
219,258,91,7.45
219,204,9,7.15
219,264,104,7.45
219,264,32,7.45
219,229,43,7.25
219,261,65,7.45
219,229,69,7.25
219,261,71,7.45
219,266,40,7.65
219,267,25,7.75
219,257,61,7.45
219,203,15,7.15
219,267,73,7.75
219,225,10,7.25
219,267,67,7.75
219,175,15,7.05
219,260,88,7.45
219,232,55,7.25
219,267,51,7.75
219,266,38,7.65
219,258,100,7.45
219,265,17,7.55
219,261,43,7.45
219,144,16,6.95
219,208,58,7.15
219,267,16,7.75
219,260,114,7.45
219,245,14,7.35
219,248,26,7.35
219,259,19,7.45
219,231,55,7.25
219,244,87,7.35
219,257,65,7.45
219,264,70,7.45
219,260,36,7.45
219,246,39,7.35
219,266,39,7.65
219,267,136,7.75
219,252,20,7.35
219,246,50,7.35
219,257,58,7.45
219,265,90,7.55
219,227,19,7.25
219,230,53,7.25
219,258,45,7.45
219,226,41,7.25
219,226,70,7.25
219,262,84,7.25
219,202,14,7.15
219,260,62,7.45
219,247,11,7.35
219,260,117,7.45
219,267,57,7.75
219,228,70,7.25
219,267,60,7.75
219,225,18,7.25
219,201,30,7.15
219,249,61,7.35
219,244,27,7.35
219,267,101,7.75
219,264,107,7.45
219,260,55,7.45
219,231,65,7.25
219,263,131,7.35
219,266,107,7.65
219,246,29,7.35
219,231,74,7.25
219,247,21,7.35
219,265,105,7.55
219,266,17,7.65
219,250,61,7.35
219,252,50,7.35
219,232,18,7.25
219,266,125,7.65
219,260,31,7.45
219,261,110,7.45
219,205,36,7.15
219,264,75,7.45
219,258,98,7.45
219,228,48,7.25
219,265,112,7.55
219,204,53,7.15
219,265,34,7.55
219,244,92,7.35
219,264,10,7.45
219,265,64,7.55
219,244,55,7.35
219,209,28,7.15
219,265,66,7.55
219,225,68,7.25
219,257,29,7.45
219,229,22,7.25
219,251,93,7.35
219,261,24,7.45
219,209,33,7.15
219,261,63,7.45
219,267,70,7.75
219,267,77,7.75
219,267,15,7.75
219,205,47,7.15
219,244,28,7.35
219,266,116,7.65
219,228,22,7.25
219,257,44,7.45
219,264,76,7.45
219,260,46,7.45
219,265,88,7.55
219,248,12,7.35
219,266,112,7.65
219,261,27,7.45
219,247,92,7.35
219,267,108,7.75
219,266,71,7.65
219,226,42,7.25
219,205,46,7.15
219,201,54,7.15
219,259,51,7.45
219,263,64,7.35
219,263,79,7.35
219,259,69,7.45
219,226,32,7.25
219,258,11,7.45
219,258,24,7.45
219,264,124,7.45
219,267,86,7.75
219,246,93,7.35
219,266,6,7.65
219,245,31,7.35
219,267,106,7.75
219,206,56,7.15
219,244,89,7.35
219,228,38,7.25
219,250,91,7.35
219,228,33,7.25
219,144,22,6.95
219,257,105,7.45
219,226,44,7.25
219,267,59,7.75
219,258,101,7.45
219,226,37,7.25
219,265,85,7.55
219,260,30,7.45
219,258,22,7.45
219,261,49,7.45
219,244,81,7.35
219,265,36,7.55
219,265,7,7.55
219,205,57,7.15
219,245,83,7.35
219,244,37,7.35
219,265,35,7.55
219,250,23,7.35
219,266,135,7.65
219,202,57,7.15
219,232,21,7.25
219,226,15,7.25
219,180,27,7.05
219,175,12,7.05
219,267,97,7.75
219,225,16,7.25
219,201,18,7.15
219,266,41,7.65
219,226,45,7.25
219,225,12,7.25
219,258,55,7.45
219,263,134,7.35
219,267,126,7.75
219,257,59,7.45
219,244,15,7.35
219,225,43,7.25
219,260,8,7.45
219,208,14,7.15
219,247,51,7.35
219,244,26,7.35
219,257,39,7.45
219,264,101,7.45
219,173,11,7.05
219,244,60,7.35
219,244,88,7.35
219,260,112,7.45
219,245,29,7.35
219,227,13,7.25
219,205,38,7.15
219,266,124,7.65
219,245,40,7.35
219,265,25,7.55
219,225,37,7.25
219,258,28,7.45
219,266,35,7.65
219,257,20,7.45
219,263,36,7.35
219,227,46,7.25
219,257,73,7.45
219,266,67,7.65
219,246,40,7.35
219,264,22,7.45
219,245,28,7.35
219,267,110,7.75
219,173,39,7.05
219,258,25,7.45
219,266,121,7.65
219,266,2,7.65
219,231,24,7.25
219,255,54,7.35
219,227,34,7.25
219,266,89,7.65
219,244,57,7.35
219,201,51,7.15
219,261,104,7.45
219,261,55,7.45
219,267,45,7.75
219,175,31,7.05
219,227,70,7.25
219,257,60,7.45
219,226,57,7.25
219,177,14,7.05
219,251,23,7.35
219,258,17,7.45
219,257,89,7.45
219,247,80,7.35
219,251,47,7.35
219,265,55,7.55
219,258,64,7.45
219,257,75,7.45
219,260,70,7.45
219,267,75,7.75
219,265,15,7.55
219,245,93,7.35
219,267,35,7.75
219,266,53,7.65
219,226,48,7.25
219,265,27,7.55
219,265,20,7.55
219,259,113,7.45
219,265,122,7.55
219,201,26,7.15
219,248,48,7.35
219,267,53,7.75
219,265,127,7.55
219,144,11,6.95
219,248,23,7.35
219,265,41,7.55
219,259,95,7.45
219,251,40,7.35
219,226,17,7.25
219,234,72,7.25
219,250,15,7.35
219,175,11,7.05
219,252,87,7.35
219,267,41,7.75
219,249,50,7.35
219,249,14,7.35
219,259,72,7.45
219,204,35,7.15
219,261,17,7.45
219,178,25,7.05
219,244,22,7.35
219,248,7,7.35
219,248,28,7.35
219,244,8,7.35
219,245,95,7.35
219,260,72,7.45
219,267,128,7.75
219,202,49,7.15
219,265,133,7.55
219,267,79,7.75
219,258,118,7.45
219,254,59,7.35
219,225,38,7.25
219,246,84,7.35
219,247,58,7.35
219,259,60,7.45
219,266,127,7.65
219,230,49,7.25
219,260,24,7.45
219,265,87,7.55
219,257,14,7.45
219,266,103,7.65
219,204,19,7.15
219,266,18,7.65
219,257,26,7.45
219,261,99,7.45
219,257,117,7.45
219,247,90,7.35
219,177,29,7.05
219,264,136,7.45
219,250,41,7.35
219,228,71,7.25
219,247,87,7.35
219,261,18,7.45
219,228,69,7.25
219,245,86,7.35
219,225,11,7.25
219,257,69,7.45
219,258,78,7.45
219,264,29,7.45
219,267,102,7.75
219,261,107,7.45
219,248,72,7.35
219,264,21,7.45
219,266,133,7.65
219,266,37,7.65
219,173,12,7.05
219,259,65,7.45
219,259,62,7.45
219,264,45,7.45
219,248,87,7.35
219,260,95,7.45
219,206,16,7.15
219,246,27,7.35
219,248,63,7.35
219,264,81,7.45
219,252,31,7.35
219,258,62,7.45
219,267,74,7.75
219,265,19,7.55
219,261,45,7.45
219,264,91,7.45
219,259,31,7.45
219,266,9,7.65
219,260,27,7.45
219,247,6,7.35
219,264,30,7.45
219,265,37,7.55
219,261,20,7.45
219,260,74,7.45
219,264,58,7.45
219,244,77,7.35
219,250,19,7.35
219,226,74,7.25
219,251,55,7.35
219,251,24,7.35
219,265,135,7.55
219,264,78,7.45
219,266,45,7.65
219,247,26,7.35
219,265,134,7.55
219,267,76,7.75
219,245,42,7.35
219,264,39,7.45
219,263,32,7.35
219,208,17,7.15
219,266,63,7.65
219,257,24,7.45
219,246,18,7.35
219,247,76,7.35
219,266,75,7.65
219,203,46,7.15
219,265,125,7.55
219,258,94,7.45
219,258,86,7.45
219,176,15,7.05
219,201,55,7.15
219,261,23,7.45
219,259,68,7.45
219,265,9,7.55
219,267,19,7.75
219,228,72,7.25
219,264,19,7.45
219,266,119,7.65
219,265,114,7.55
219,260,99,7.45
219,248,22,7.35
219,267,85,7.75
219,266,28,7.65
219,233,35,7.25
219,260,102,7.45
219,201,50,7.15
219,264,109,7.45
219,248,13,7.35
219,207,8,7.15
219,226,68,7.25
219,261,26,7.45
219,249,62,7.35
219,267,113,7.75
219,263,132,7.35
219,262,122,7.25
219,248,84,7.35
219,267,30,7.75
219,257,104,7.45
219,257,48,7.45
219,264,108,7.45
219,264,111,7.45
219,225,22,7.25
219,175,41,7.05
219,267,38,7.75
219,267,28,7.75
219,267,88,7.75
219,244,9,7.35
219,265,113,7.55
219,267,31,7.75
219,267,11,7.75
219,266,91,7.65
219,260,3,7.45
219,245,9,7.35
219,201,39,7.15
219,233,44,7.25
219,259,34,7.45
219,261,42,7.45
219,264,137,7.45
219,265,129,7.55
219,244,10,7.35
219,244,30,7.35
219,228,42,7.25
219,264,82,7.45
219,204,54,7.15
219,266,115,7.65
219,228,11,7.25
219,266,69,7.65
219,225,60,7.25
219,248,15,7.35
219,266,43,7.65
219,232,45,7.25
219,265,72,7.55
219,230,56,7.25
219,249,26,7.35
219,252,42,7.35
219,260,59,7.45
219,261,66,7.45
219,244,12,7.35
219,257,68,7.45
219,267,33,7.75
219,249,47,7.35
219,246,77,7.35
219,248,6,7.35
219,244,95,7.35
219,203,56,7.15
219,257,32,7.45
219,244,18,7.35
219,266,29,7.65
219,263,86,7.35
219,225,40,7.25
219,260,7,7.45
219,227,17,7.25
219,267,89,7.75
219,251,52,7.35
219,264,28,7.45
219,248,45,7.35
219,262,108,7.25
219,265,73,7.55
219,258,104,7.45
219,265,29,7.55
219,262,114,7.25
219,251,26,7.35
219,201,13,7.15
219,267,46,7.75
219,246,11,7.35
219,266,88,7.65
219,245,22,7.35
219,267,81,7.75
219,253,28,7.35
219,227,15,7.25
219,247,20,7.35
219,258,75,7.45
219,264,117,7.45
219,263,31,7.35
219,230,58,7.25
219,229,36,7.25
219,266,8,7.65
219,244,46,7.35
219,258,107,7.45
219,266,36,7.65
219,259,14,7.45
219,266,122,7.65
219,264,54,7.45
219,225,64,7.25
219,245,78,7.35
219,261,114,7.45
219,266,42,7.65
219,246,81,7.35
219,261,39,7.45
219,245,19,7.35
219,265,128,7.55
219,248,91,7.35
219,265,81,7.55
219,257,102,7.45
219,259,79,7.45
219,258,36,7.45
219,230,61,7.25
219,267,114,7.75
219,232,74,7.25
219,227,66,7.25
219,245,25,7.35
219,251,69,7.35
219,260,108,7.45
219,261,14,7.45
219,267,13,7.75
219,265,121,7.55
219,246,28,7.35
219,245,13,7.35
219,245,56,7.35
219,248,9,7.35
219,228,55,7.25
219,259,117,7.45
219,205,32,7.15
219,173,15,7.05
219,201,32,7.15
219,257,71,7.45
219,264,41,7.45
219,252,28,7.35
219,178,26,7.05
219,265,22,7.55
219,264,38,7.45
219,263,70,7.35
219,249,79,7.35
219,228,49,7.25
219,266,10,7.65
219,257,25,7.45
219,265,74,7.55
219,260,60,7.45
219,247,27,7.35
219,228,24,7.25
219,265,44,7.55
219,266,50,7.65
219,247,30,7.35
219,245,76,7.35
219,266,137,7.65
219,265,12,7.55
219,259,56,7.45
219,264,37,7.45
219,263,126,7.35
219,258,20,7.45
219,267,61,7.75
219,250,12,7.35
219,245,54,7.35
219,246,45,7.35
219,250,48,7.35
219,265,52,7.55
219,203,34,7.15
219,257,76,7.45
219,181,41,7.05
219,205,49,7.15
219,266,80,7.65
219,244,93,7.35
219,247,83,7.35
219,259,7,7.45
219,267,131,7.75
219,267,40,7.75
219,263,69,7.35
219,267,8,7.75
219,257,66,7.45
219,250,49,7.35
219,227,73,7.25
219,247,22,7.35
219,264,131,7.45
219,265,102,7.55
219,266,55,7.65
219,231,40,7.25
219,244,39,7.35
219,206,59,7.15
219,250,84,7.35
219,249,80,7.35
219,202,33,7.15
219,257,56,7.45
219,244,78,7.35
219,250,38,7.35
219,229,16,7.25
219,257,51,7.45
219,264,134,7.45
219,260,20,7.45
219,148,32,6.95
219,259,100,7.45
219,250,81,7.35
219,260,105,7.45
219,265,103,7.55
219,264,84,7.45
219,266,22,7.65
219,265,132,7.55
219,228,19,7.25
219,260,9,7.45
219,266,12,7.65
219,205,11,7.15
219,259,107,7.45
219,267,21,7.75
219,259,74,7.45
219,261,118,7.45
219,246,46,7.35
219,227,33,7.25
219,258,90,7.45
219,259,48,7.45
219,244,73,7.35
219,260,50,7.45
219,146,29,6.95
219,142,23,6.95
219,227,60,7.25
219,264,24,7.45
219,259,49,7.45
219,247,72,7.35
219,264,23,7.45
219,244,58,7.35
219,202,35,7.15
219,257,43,7.45
219,257,99,7.45
219,205,16,7.15
219,263,68,7.35
219,143,19,6.95
219,266,77,7.65
219,265,117,7.55
219,203,30,7.15
219,267,66,7.75
219,173,44,7.05
219,257,107,7.45
219,267,49,7.75
219,267,125,7.75
219,259,109,7.45
219,230,23,7.25
219,247,47,7.35
219,244,91,7.35
219,226,40,7.25
219,265,126,7.55
219,257,87,7.45
219,203,10,7.15
219,266,64,7.65
219,261,30,7.45
219,246,24,7.35
219,264,33,7.45
219,257,6,7.45
219,230,7,7.25
219,260,17,7.45
219,259,87,7.45
219,246,54,7.35
219,267,22,7.75
219,266,15,7.65
219,225,21,7.25
219,265,93,7.55
219,267,124,7.75
219,266,68,7.65
219,247,59,7.35
219,206,9,7.15
219,266,90,7.65
219,225,49,7.25
219,267,135,7.75
219,228,61,7.25
219,202,8,7.15
219,142,10,6.95
219,207,58,7.15
219,201,53,7.15
219,225,15,7.25
219,258,106,7.45
219,245,21,7.35
219,248,21,7.35
219,248,43,7.35
219,247,29,7.35
219,231,36,7.25
219,266,16,7.65
219,259,45,7.45
219,246,42,7.35
219,265,63,7.55
219,263,8,7.35
219,248,57,7.35
219,267,12,7.75
219,226,38,7.25
219,248,55,7.35
219,265,137,7.55
219,260,14,7.45
219,248,40,7.35
219,265,10,7.55
219,260,86,7.45
219,257,55,7.45
219,266,109,7.65
219,258,18,7.45
219,254,27,7.35
219,229,41,7.25
219,267,27,7.75
219,261,51,7.45
219,266,99,7.65
219,260,35,7.45
219,253,57,7.35
219,262,24,7.25
219,265,45,7.55
219,202,56,7.15
219,260,38,7.45
219,258,93,7.45
219,144,10,6.95
219,230,17,7.25
219,266,23,7.65
219,246,13,7.35
219,225,23,7.25
219,258,58,7.45
219,250,9,7.35
219,244,51,7.35
219,229,47,7.25
219,266,14,7.65
219,249,89,7.35
219,246,83,7.35
219,266,101,7.65
219,267,39,7.75
219,201,12,7.15
219,263,18,7.35
219,201,16,7.15
219,262,37,7.25
219,244,62,7.35
219,175,14,7.05
219,258,67,7.45
219,244,43,7.35
219,247,14,7.35
219,260,47,7.45
219,203,36,7.15
219,261,33,7.45
219,201,59,7.15
219,244,19,7.35
219,260,32,7.45
219,227,23,7.25
219,257,103,7.45
219,257,21,7.45
219,263,26,7.35
219,260,96,7.45
219,257,78,7.45
219,228,60,7.25
219,264,13,7.45
219,232,41,7.25
219,225,54,7.25
219,267,130,7.75
219,248,24,7.35
219,245,87,7.35
219,201,31,7.15
219,248,85,7.35
219,207,53,7.15
219,266,96,7.65
219,267,121,7.75
219,257,72,7.45
219,259,55,7.45
232,457,165,7.75
232,427,112,7.45
232,457,153,7.75
232,456,197,7.65
232,459,14,7.95
232,452,34,7.65
232,457,97,7.75
232,425,4,7.45
232,426,93,7.45
232,456,86,7.65
232,372,25,7.25
232,443,54,7.55
232,449,5,7.65
232,458,195,7.85
232,426,80,7.45
232,445,111,7.55
232,452,25,7.65
232,446,98,7.55
232,452,116,7.65
232,453,32,7.65
232,459,195,7.95
232,428,83,7.45
232,456,222,7.65
232,443,107,7.55
232,456,198,7.65
232,447,115,7.55
232,457,213,7.75
232,458,107,7.85
232,458,83,7.85
232,448,100,7.65
232,459,189,7.95
232,458,133,7.85
232,458,233,7.85
232,457,210,7.75
232,426,14,7.45
232,458,91,7.85
232,453,129,7.65
232,459,9,7.95
232,335,18,7.15
232,443,13,7.55
232,445,147,7.55
232,373,2,7.25
232,448,128,7.65
232,431,0,7.45
232,459,206,7.95
232,435,141,7.55
232,459,223,7.95
232,458,176,7.85
232,458,8,7.85
232,453,171,7.65
232,442,13,7.55
232,458,47,7.85
232,448,123,7.65
232,458,135,7.85
232,403,9,7.35
232,459,28,7.95
232,458,231,7.85
232,403,1,7.35
232,423,73,7.45
232,450,177,7.65
232,458,206,7.85
232,459,140,7.95
232,405,58,7.35
232,457,228,7.75
232,451,215,7.65
232,458,157,7.85
232,455,157,7.55
232,443,72,7.55
232,435,84,7.55
232,456,207,7.65
232,446,51,7.55
232,442,11,7.55
232,452,120,7.65
232,446,26,7.55
232,458,96,7.85
232,459,86,7.95
232,431,85,7.45
232,456,90,7.65
232,453,74,7.65
232,448,119,7.65
232,438,69,7.55
232,444,53,7.55
232,456,4,7.65
232,426,76,7.45
232,428,41,7.45
232,445,33,7.55
232,458,147,7.85
232,451,87,7.65
232,449,205,7.65
232,452,150,7.65
232,457,77,7.75
232,451,132,7.65
232,451,143,7.65
232,427,0,7.45
232,458,42,7.85
232,458,175,7.85
232,457,68,7.75
232,459,179,7.95
232,430,131,7.45
232,459,1,7.95
232,450,95,7.65
232,459,53,7.95
232,448,193,7.65
232,453,31,7.65
232,452,4,7.65
232,431,108,7.45
232,459,11,7.95
232,363,45,7.25
232,456,14,7.65
232,456,162,7.65
232,431,79,7.45
232,444,67,7.55
232,449,143,7.65
232,430,37,7.45
232,431,41,7.45
232,458,69,7.85
232,457,13,7.75
232,420,82,7.45
232,457,225,7.75
232,448,173,7.65
232,430,38,7.45
232,419,67,7.45
232,453,72,7.65
232,430,115,7.45
232,459,18,7.95
232,453,97,7.65
232,459,17,7.95
232,453,8,7.65
232,452,199,7.65
232,438,147,7.55
232,431,1,7.45
232,446,156,7.55
232,457,169,7.75
232,452,138,7.65
232,457,147,7.75
232,457,76,7.75
232,457,189,7.75
232,428,47,7.45
232,459,149,7.95
232,451,3,7.65
232,430,72,7.45
232,422,7,7.45
232,448,195,7.65
232,439,15,7.55
232,444,19,7.55
232,459,204,7.95
232,361,56,7.25
232,456,216,7.65
232,457,203,7.75
232,403,2,7.35
232,443,63,7.55
232,441,136,7.55
232,445,121,7.55
232,439,25,7.55
232,456,21,7.65
232,444,154,7.55
232,429,16,7.45
232,458,41,7.85
232,428,85,7.45
232,426,74,7.45
232,401,58,7.35
232,418,51,7.45
232,448,124,7.65
232,429,118,7.45
232,441,18,7.55
232,441,157,7.55
232,452,24,7.65
232,443,3,7.55
232,442,50,7.55
232,458,98,7.85
232,458,12,7.85
232,459,169,7.95
232,458,112,7.85
232,444,12,7.55
232,450,157,7.65
232,458,216,7.85
232,456,81,7.65
232,422,115,7.45
232,452,137,7.65
232,424,129,7.45
232,426,77,7.45
232,453,175,7.65
232,458,2,7.85
232,459,4,7.95
232,431,6,7.45
232,457,201,7.75
232,459,128,7.95
232,459,32,7.95
232,450,158,7.65
232,445,21,7.55
232,459,106,7.95
232,449,1,7.65
232,403,4,7.35
232,431,44,7.45
232,449,220,7.65
232,451,0,7.65
232,456,150,7.65
232,451,212,7.65
232,295,15,7.05
232,429,37,7.45
232,449,198,7.65
232,445,143,7.55
232,459,164,7.95
232,457,81,7.75
232,456,9,7.65
232,425,123,7.45
232,451,216,7.65
232,450,21,7.65
232,431,52,7.45
232,458,190,7.85
232,415,42,7.45
232,405,87,7.35
232,453,58,7.65
232,453,101,7.65
232,459,43,7.95
232,459,241,7.95
232,421,83,7.45
232,445,90,7.55
232,425,20,7.45
232,361,24,7.25
232,444,57,7.55
232,451,19,7.65
232,459,31,7.95
232,454,76,7.45
232,458,54,7.85
232,458,192,7.85
232,452,181,7.65
232,447,90,7.55
232,451,17,7.65
232,426,89,7.45
232,445,2,7.55
232,422,75,7.45
232,437,92,7.55
232,428,129,7.45
232,459,72,7.95
232,428,79,7.45
232,427,8,7.45
232,446,122,7.55
232,443,29,7.55
232,451,20,7.65
232,459,141,7.95
232,443,151,7.55
232,453,145,7.65
232,436,51,7.55
232,442,68,7.55
232,406,10,7.35
232,453,124,7.65
232,431,40,7.45
232,422,2,7.45
232,458,50,7.85
232,451,29,7.65
232,446,96,7.55
232,427,4,7.45
232,449,25,7.65
232,405,65,7.35
232,441,139,7.55
232,459,135,7.95
232,453,117,7.65
232,370,68,7.25
232,457,199,7.75
232,440,32,7.55
232,447,47,7.55
232,441,68,7.55
232,419,25,7.45
232,450,82,7.65
232,452,27,7.65
232,443,65,7.55
232,459,145,7.95
232,445,116,7.55
232,451,172,7.65
232,457,227,7.75
232,449,75,7.65
232,430,46,7.45
232,458,33,7.85
232,450,84,7.65
232,441,149,7.55
232,459,66,7.95
232,404,61,7.35
232,405,66,7.35
232,457,149,7.75
232,459,8,7.95
232,451,152,7.65
232,406,92,7.35
232,401,35,7.35
232,458,7,7.85
232,458,76,7.85
232,459,244,7.95
232,361,38,7.25
232,443,8,7.55
232,404,74,7.35
232,369,53,7.25
232,429,90,7.45
232,458,189,7.85
232,448,189,7.65
232,438,31,7.55
232,449,96,7.65
232,456,99,7.65
232,440,142,7.55
232,431,48,7.45
232,393,56,7.35
232,444,65,7.55
232,400,94,7.35
232,458,162,7.85
232,444,25,7.55
232,459,209,7.95
232,458,37,7.85
232,450,67,7.65
232,456,154,7.65
232,453,5,7.65
232,448,35,7.65
232,458,244,7.85
232,457,75,7.75
232,447,111,7.55
232,458,129,7.85
232,443,164,7.55
232,372,52,7.25
232,450,92,7.65
232,447,139,7.55
232,459,24,7.95
232,456,144,7.65
232,428,38,7.45
232,436,67,7.55
232,370,66,7.25
232,458,140,7.85
232,459,248,7.95
232,445,25,7.55
232,439,31,7.55
232,430,86,7.45
232,457,55,7.75
232,459,178,7.95
232,450,122,7.65
232,451,131,7.65
232,447,149,7.55
232,450,71,7.65
232,448,81,7.65
232,457,202,7.75
232,442,101,7.55
232,446,47,7.55
232,457,231,7.75
232,452,67,7.65
232,452,77,7.65
232,453,3,7.65
232,450,182,7.65
232,456,73,7.65
232,441,50,7.55
232,430,39,7.45
232,398,28,7.35
232,435,4,7.55
232,458,154,7.85
232,458,141,7.85
232,453,12,7.65
232,456,226,7.65
232,443,99,7.55
232,459,2,7.95
232,425,129,7.45
232,456,74,7.65
232,449,173,7.65
232,458,124,7.85
232,459,150,7.95
232,438,4,7.55
232,458,229,7.85
232,452,94,7.65
232,458,159,7.85
232,459,47,7.95
232,429,76,7.45
232,457,33,7.75
232,456,71,7.65
232,404,62,7.35
232,441,23,7.55
232,448,37,7.65
232,451,22,7.65
232,441,100,7.55
232,428,22,7.45
232,439,114,7.55
232,459,218,7.95
232,450,141,7.65
232,459,205,7.95
232,458,72,7.85
232,453,155,7.65
232,458,225,7.85
232,442,21,7.55
232,439,2,7.55
232,456,194,7.65
232,406,87,7.35
232,440,159,7.55
232,453,37,7.65
232,431,42,7.45
232,446,3,7.55
232,452,118,7.65
232,456,18,7.65
232,420,95,7.45
232,451,151,7.65
232,441,17,7.55
232,447,53,7.55
232,446,69,7.55
232,446,101,7.55
232,456,218,7.65
232,445,120,7.55
232,395,87,7.35
232,371,45,7.25
232,448,153,7.65
232,440,108,7.55
232,364,68,7.25
232,451,159,7.65
232,428,5,7.45
232,451,125,7.65
232,428,6,7.45
232,459,182,7.95
232,400,30,7.35
232,456,1,7.65
232,459,156,7.95
232,456,88,7.65
232,459,222,7.95
232,437,90,7.55
232,448,121,7.65
232,443,15,7.55
232,442,164,7.55
232,449,43,7.65
232,441,129,7.55
232,457,160,7.75
232,453,59,7.65
232,452,117,7.65
232,459,21,7.95
232,457,197,7.75
232,458,80,7.85
232,458,87,7.85
232,457,66,7.75
232,426,8,7.45
232,431,112,7.45
232,458,211,7.85
232,428,25,7.45
232,451,197,7.65
232,458,74,7.85
232,400,12,7.35
232,449,126,7.65
232,439,3,7.55
232,453,119,7.65
232,458,232,7.85
232,373,49,7.25
232,450,35,7.65
232,458,14,7.85
232,457,101,7.75
232,451,95,7.65
232,450,1,7.65
232,336,58,7.15
232,443,74,7.55
232,430,122,7.45
232,453,62,7.65
232,458,75,7.85
232,400,93,7.35
232,436,90,7.55
232,458,30,7.85
232,431,13,7.45
232,431,14,7.45
232,452,64,7.65
232,430,48,7.45
232,456,168,7.65
232,430,77,7.45
232,456,131,7.65
232,449,36,7.65
232,444,149,7.55
232,443,102,7.55
232,402,58,7.35
232,424,9,7.45
232,402,92,7.35
232,427,46,7.45
232,430,109,7.45
232,406,5,7.35
232,427,51,7.45
232,447,152,7.55
232,452,73,7.65
232,459,88,7.95
232,444,126,7.55
232,458,241,7.85
232,441,169,7.55
232,393,69,7.35
232,440,0,7.55
232,458,28,7.85
232,426,13,7.45
232,452,29,7.65
232,453,142,7.65
232,452,148,7.65
232,291,14,7.05
232,372,23,7.25
232,458,84,7.85
232,425,52,7.45
232,372,3,7.25
232,446,124,7.55
232,457,29,7.75
232,430,17,7.45
232,449,59,7.65
232,459,3,7.95
232,440,135,7.55
232,451,139,7.65
232,427,91,7.45
232,457,99,7.75
232,430,89,7.45
232,459,30,7.95
232,405,62,7.35
232,443,51,7.55
232,443,53,7.55
232,429,54,7.45
232,333,1,7.15
232,427,14,7.45
232,369,47,7.25
232,367,25,7.25
232,457,128,7.75
232,458,166,7.85
232,429,18,7.45
232,458,136,7.85
232,459,228,7.95
232,451,158,7.65
232,458,6,7.85
232,426,4,7.45
232,459,216,7.95
232,458,221,7.85
232,404,63,7.35
232,400,0,7.35
232,445,66,7.55
232,431,49,7.45
232,400,6,7.35
232,425,49,7.45
232,420,2,7.45
232,455,38,7.55
232,451,160,7.65
232,399,2,7.35
232,446,2,7.55
232,406,33,7.35
232,441,115,7.55
232,431,2,7.45
232,458,194,7.85
232,445,4,7.55
232,456,206,7.65
232,457,158,7.75
232,457,87,7.75
232,429,91,7.45
232,453,23,7.65
232,443,136,7.55
232,425,128,7.45
232,448,57,7.65
232,458,3,7.85
232,430,22,7.45
232,425,80,7.45
232,452,205,7.65
232,431,74,7.45
232,453,25,7.65
232,459,131,7.95
232,445,151,7.55
232,459,157,7.95
232,452,5,7.65
232,459,226,7.95
232,448,142,7.65
232,458,29,7.85
232,457,140,7.75
232,452,87,7.65
232,433,160,7.55
232,459,121,7.95
232,428,3,7.45
232,453,20,7.65
232,459,129,7.95
232,428,1,7.45
232,449,79,7.65
232,458,73,7.85
232,457,64,7.75
232,457,86,7.75
232,442,16,7.55
232,398,84,7.35
232,370,71,7.25
232,459,19,7.95
232,425,108,7.45
232,458,144,7.85
232,427,93,7.45
232,429,5,7.45
232,458,102,7.85
232,451,199,7.65
232,456,157,7.65
232,444,51,7.55
232,452,135,7.65
232,455,223,7.55
232,457,1,7.75
232,453,133,7.65
232,456,224,7.65
232,426,108,7.45
232,429,42,7.45
232,436,48,7.55
232,448,77,7.65
232,425,48,7.45
232,458,137,7.85
232,446,68,7.55
232,447,100,7.55
232,442,153,7.55
232,459,76,7.95
232,449,174,7.65
232,406,63,7.35
232,428,115,7.45
232,443,154,7.55
232,459,220,7.95
232,451,116,7.65
232,425,121,7.45
232,405,9,7.35
232,457,220,7.75
232,427,119,7.45
232,391,88,7.35
232,453,40,7.65
232,423,24,7.45
232,451,203,7.65
232,456,84,7.65
232,445,46,7.55
232,459,101,7.95
232,459,99,7.95
232,451,63,7.65
232,447,12,7.55
232,431,92,7.45
232,431,10,7.45
232,443,118,7.55
232,440,52,7.55
232,453,189,7.65
232,448,87,7.65
232,427,47,7.45
232,374,44,7.25
232,459,90,7.95
232,459,110,7.95
232,435,91,7.55
232,441,79,7.55
232,458,97,7.85
232,459,56,7.95
232,459,234,7.95
232,450,91,7.65
232,459,161,7.95
232,424,84,7.45
232,439,165,7.55
232,439,109,7.55
232,451,26,7.65
232,434,63,7.55
232,445,12,7.55
232,459,219,7.95
232,458,99,7.85
232,400,37,7.35
232,456,83,7.65
232,458,115,7.85
232,447,118,7.55
232,459,29,7.95
232,457,94,7.75
232,445,50,7.55
232,453,126,7.65
232,452,174,7.65
232,456,23,7.65
232,440,149,7.55
232,427,13,7.45
232,458,193,7.85
232,447,95,7.55
232,447,66,7.55
232,458,191,7.85
232,449,145,7.65
232,459,22,7.95
232,445,145,7.55
232,425,40,7.45
232,459,231,7.95
232,453,80,7.65
232,444,22,7.55
232,455,20,7.55
232,443,101,7.55
232,451,124,7.65
232,458,169,7.85
232,406,58,7.35
232,458,88,7.85
232,459,108,7.95
232,401,69,7.35
232,445,114,7.55
232,459,224,7.95
232,444,62,7.55
232,445,19,7.55
232,458,43,7.85
232,450,135,7.65
232,401,33,7.35
232,394,10,7.35
232,458,85,7.85
232,451,183,7.65
232,443,108,7.55
232,455,189,7.55
232,458,171,7.85
232,404,99,7.35
232,457,196,7.75
232,453,203,7.65
232,443,148,7.55
232,458,4,7.85
232,445,117,7.55
232,444,94,7.55
232,453,127,7.65
232,406,36,7.35
232,441,24,7.55
232,451,15,7.65
232,404,7,7.35
232,445,7,7.55
232,459,36,7.95
232,452,8,7.65
232,452,16,7.65
232,453,184,7.65
232,459,48,7.95
232,456,65,7.65
232,406,85,7.35
232,456,87,7.65
232,459,63,7.95
232,459,26,7.95
232,447,135,7.55
232,419,96,7.45
232,446,94,7.55
232,442,118,7.55
232,440,48,7.55
232,451,94,7.65
232,442,6,7.55
232,451,73,7.65
232,446,59,7.55
232,459,200,7.95
232,459,77,7.95
232,459,155,7.95
232,452,61,7.65
232,453,131,7.65
232,428,12,7.45
232,448,69,7.65
232,459,50,7.95
232,401,66,7.35
232,452,198,7.65
232,456,17,7.65
232,457,143,7.75
232,458,214,7.85
232,448,34,7.65
232,451,61,7.65
232,457,144,7.75
232,448,88,7.65
232,458,24,7.85
232,450,11,7.65
232,452,19,7.65
232,446,95,7.55
232,431,46,7.45
232,453,84,7.65
232,430,80,7.45
232,442,18,7.55
232,406,56,7.35
232,459,111,7.95
232,459,70,7.95
232,459,44,7.95
232,456,196,7.65
232,443,97,7.55
232,458,237,7.85
232,450,26,7.65
232,457,191,7.75
232,458,10,7.85
232,448,114,7.65
232,441,113,7.55
232,457,41,7.75
232,429,56,7.45
232,457,19,7.75
232,425,12,7.45
232,445,101,7.55
232,424,11,7.45
232,458,68,7.85
232,450,9,7.65
232,456,140,7.65
232,442,31,7.55
232,405,29,7.35
232,374,2,7.25
232,444,109,7.55
232,452,128,7.65
232,406,7,7.35
232,459,100,7.95
232,453,121,7.65
232,447,138,7.55
232,458,203,7.85
232,447,25,7.55
232,427,15,7.45
232,456,137,7.65
232,452,139,7.65
232,459,102,7.95
232,421,78,7.45
232,459,67,7.95
232,456,85,7.65
232,452,201,7.65
232,451,150,7.65
232,425,112,7.45
232,459,91,7.95
232,439,108,7.55
232,458,95,7.85
232,451,204,7.65
232,459,245,7.95
232,430,49,7.45
232,457,88,7.75
232,446,111,7.55
232,441,6,7.55
232,450,202,7.65
232,457,69,7.75
232,400,42,7.35
232,451,201,7.65
232,458,145,7.85
232,438,26,7.55
232,404,91,7.35
232,450,193,7.65
232,398,12,7.35
232,459,225,7.95
232,456,34,7.65
232,428,114,7.45
232,459,95,7.95
232,456,211,7.65
232,459,7,7.95
232,424,74,7.45
232,425,75,7.45
232,458,101,7.85
232,456,91,7.65
232,446,100,7.55
232,457,204,7.75
232,459,74,7.95
232,458,151,7.85
232,451,120,7.65
232,449,193,7.65
232,459,96,7.95
232,459,199,7.95
232,423,57,7.45
232,449,64,7.65
232,452,146,7.65
232,448,118,7.65
232,453,114,7.65
232,451,84,7.65
232,441,165,7.55
232,458,246,7.85
232,456,79,7.65
232,445,76,7.55
232,457,83,7.75
232,459,84,7.95
232,446,16,7.55
232,457,39,7.75
232,452,215,7.65
232,457,21,7.75
232,457,7,7.75
232,446,150,7.55
232,447,14,7.55
232,459,33,7.95
232,456,195,7.65
232,428,91,7.45
232,448,161,7.65
232,442,63,7.55
232,459,160,7.95
232,456,38,7.65
232,450,30,7.65
232,456,26,7.65
232,453,134,7.65
232,425,43,7.45
232,453,38,7.65
232,457,198,7.75
232,398,92,7.35
232,450,94,7.65
232,447,63,7.55
232,451,134,7.65
232,401,100,7.35
232,446,108,7.55
232,458,220,7.85
232,458,81,7.85
232,443,11,7.55
232,446,168,7.55
232,425,37,7.45
232,458,172,7.85
232,430,53,7.45
232,431,78,7.45
232,449,218,7.65
232,453,193,7.65
232,456,143,7.65
232,445,102,7.55
232,397,2,7.35
232,403,86,7.35
232,456,10,7.65
232,459,176,7.95
232,446,70,7.55
232,453,118,7.65
232,452,78,7.65
232,457,91,7.75
232,457,154,7.75
232,449,178,7.65
232,453,195,7.65
232,406,69,7.35
232,447,46,7.55
232,425,114,7.45
232,400,36,7.35
232,455,16,7.55
232,458,202,7.85
232,452,217,7.65
232,435,162,7.55
232,450,22,7.65
232,454,104,7.45
232,457,217,7.75
232,459,126,7.95
232,453,214,7.65
232,437,23,7.55
232,452,57,7.65
232,452,126,7.65
232,458,93,7.85
232,438,135,7.55
232,451,117,7.65
232,459,38,7.95
232,455,209,7.55
232,402,7,7.35
232,451,211,7.65
232,430,50,7.45
232,400,95,7.35
232,438,18,7.55
232,453,69,7.65
232,436,105,7.55
232,457,195,7.75
232,396,10,7.35
232,459,37,7.95
232,397,29,7.35
232,458,207,7.85
232,458,218,7.85
232,426,48,7.45
232,429,45,7.45
232,446,160,7.55
232,457,150,7.75
232,439,22,7.55
232,448,150,7.65
232,448,78,7.65
232,449,215,7.65
232,458,9,7.85
232,457,22,7.75
232,457,236,7.75
232,368,32,7.25
232,428,60,7.45
232,451,32,7.65
232,451,195,7.65
232,418,117,7.45
232,458,188,7.85
232,457,224,7.75
232,453,174,7.65
232,443,46,7.55
232,429,27,7.45
232,406,66,7.35
232,458,128,7.85
232,453,33,7.65
232,434,45,7.55
232,453,210,7.65
232,422,127,7.45
232,449,87,7.65
232,456,44,7.65
232,436,20,7.55
232,448,15,7.65
232,458,116,7.85
232,451,91,7.65
232,457,74,7.75
232,428,75,7.45
232,435,96,7.55
232,399,107,7.35
232,424,59,7.45
232,459,134,7.95
232,450,134,7.65
232,443,126,7.55
232,447,161,7.55
232,427,37,7.45
232,440,156,7.55
232,427,110,7.45
232,426,20,7.45
232,405,89,7.35
232,450,207,7.65
232,430,84,7.45
232,418,5,7.45
232,459,137,7.95
232,451,21,7.65
232,452,180,7.65
232,442,57,7.55
232,458,234,7.85
232,443,155,7.55
232,443,7,7.55
232,425,76,7.45
232,449,28,7.65
232,459,165,7.95
232,406,40,7.35
232,457,18,7.75
232,457,126,7.75
232,458,100,7.85
232,458,215,7.85
232,448,206,7.65
232,436,75,7.55
232,450,205,7.65
232,449,101,7.65
232,395,59,7.35
232,431,37,7.45
232,442,105,7.55
232,448,131,7.65
232,405,7,7.35
232,452,7,7.65
232,450,36,7.65
232,441,143,7.55
232,404,34,7.35
232,452,124,7.65
232,453,65,7.65
232,459,221,7.95
232,459,170,7.95
232,457,127,7.75
232,441,108,7.55
232,453,200,7.65
232,457,93,7.75
232,448,9,7.65
232,458,39,7.85
232,459,167,7.95
232,448,11,7.65
232,451,136,7.65
232,440,27,7.55
232,421,110,7.45
232,450,143,7.65
232,444,48,7.55
232,450,57,7.65
232,451,13,7.65
232,459,139,7.95
232,445,14,7.55
232,453,208,7.65
232,459,197,7.95
232,448,1,7.65
232,438,104,7.55
232,459,58,7.95
232,456,237,7.65
232,458,22,7.85
232,446,149,7.55
232,452,72,7.65
232,429,83,7.45
232,457,11,7.75
232,449,26,7.65
232,457,112,7.75
232,453,185,7.65
232,431,77,7.45
232,427,86,7.45
232,449,199,7.65
232,458,126,7.85
232,426,126,7.45
232,458,38,7.85
232,457,205,7.75
232,457,27,7.75
232,453,18,7.65
232,450,179,7.65
232,446,91,7.55
232,438,117,7.55
232,428,111,7.45
232,459,49,7.95
232,452,84,7.65
232,453,198,7.65
232,429,17,7.45
232,442,72,7.55
232,425,6,7.45
232,452,206,7.65
232,431,80,7.45
232,459,75,7.95
232,459,71,7.95
232,453,78,7.65
232,457,164,7.75
232,459,78,7.95
232,459,125,7.95
232,452,184,7.65
232,439,96,7.55
232,417,21,7.45
232,446,58,7.55
232,429,3,7.45
232,456,32,7.65
232,430,11,7.45
232,430,108,7.45
232,456,217,7.65
232,457,238,7.75
232,432,26,7.55
232,444,110,7.55
232,448,203,7.65
232,448,27,7.65
232,458,66,7.85
232,425,15,7.45
232,425,57,7.45
232,459,0,7.95
232,459,127,7.95
232,431,109,7.45
232,404,94,7.35
232,458,31,7.85
232,429,79,7.45
232,426,7,7.45
232,450,87,7.65
232,370,2,7.25
232,444,136,7.55
232,458,71,7.85
232,458,19,7.85
232,452,81,7.65
232,453,9,7.65
232,452,12,7.65
232,459,51,7.95
232,448,14,7.65
232,455,131,7.55
232,402,85,7.35
232,446,135,7.55
232,406,1,7.35
232,451,25,7.65
232,452,20,7.65
232,447,142,7.55
232,428,80,7.45
232,431,90,7.45
232,427,12,7.45
232,447,164,7.55
232,449,57,7.65
232,422,118,7.45
232,452,192,7.65
232,427,39,7.45
232,427,36,7.45
232,457,10,7.75
232,453,24,7.65
232,451,193,7.65
232,431,113,7.45
232,444,163,7.55
232,451,206,7.65
232,458,132,7.85
232,453,92,7.65
232,444,167,7.55
232,457,16,7.75
232,452,13,7.65
232,447,45,7.55
232,430,78,7.45
232,433,70,7.55
232,450,68,7.65
232,450,181,7.65
232,453,64,7.65
232,457,175,7.75
232,402,34,7.35
232,442,120,7.55
232,396,84,7.35
232,427,111,7.45
232,457,6,7.75
232,403,99,7.35
232,450,130,7.65
232,457,28,7.75
232,459,154,7.95
232,458,165,7.85
232,430,116,7.45
232,452,22,7.65
232,458,51,7.85
232,459,207,7.95
232,449,141,7.65
232,449,206,7.65
232,402,65,7.35
232,459,202,7.95
232,450,201,7.65
232,457,71,7.75
232,449,172,7.65
232,448,133,7.65
232,445,164,7.55
232,458,213,7.85
232,458,179,7.85
232,430,15,7.45
232,457,37,7.75
232,431,75,7.45
232,457,90,7.75
232,446,52,7.55
232,453,11,7.65
232,436,97,7.55
232,428,51,7.45
232,459,146,7.95
232,447,101,7.55
232,443,120,7.55
232,456,15,7.65
232,406,84,7.35
232,403,28,7.35
232,365,22,7.25
232,440,53,7.55
232,457,163,7.75
232,459,212,7.95
232,452,129,7.65
232,455,164,7.55
232,445,34,7.55
232,459,64,7.95
232,458,228,7.85
232,449,16,7.65
232,426,52,7.45
232,457,111,7.75
232,420,128,7.45
232,445,146,7.55
232,459,191,7.95
232,450,105,7.65
232,459,45,7.95
232,453,35,7.65
232,440,3,7.55
232,458,138,7.85
232,457,36,7.75
232,441,51,7.55
232,459,5,7.95
232,452,147,7.65
232,457,138,7.75
232,428,17,7.45
232,457,115,7.75
232,456,128,7.65
232,445,9,7.55
232,459,68,7.95
232,428,86,7.45
232,445,170,7.55
232,449,183,7.65
232,447,92,7.55
232,447,147,7.55
232,330,42,7.15
232,418,112,7.45
232,451,179,7.65
232,429,119,7.45
232,446,142,7.55
232,448,143,7.65
232,447,141,7.55
232,450,32,7.65
232,430,6,7.45
232,451,67,7.65
232,459,192,7.95
232,458,20,7.85
232,405,90,7.35
232,458,65,7.85
232,459,210,7.95
232,457,135,7.75
232,400,4,7.35
232,456,46,7.65
232,400,14,7.35
232,446,115,7.55
232,442,152,7.55
232,459,142,7.95
232,426,121,7.45
232,458,64,7.85
232,459,151,7.95
232,459,138,7.95
232,430,75,7.45
232,443,57,7.55
232,420,127,7.45
232,458,200,7.85
232,458,32,7.85
232,435,149,7.55
232,459,104,7.95
232,452,26,7.65
232,443,137,7.55
232,452,88,7.65
232,459,73,7.95
232,425,51,7.45
232,430,126,7.45
232,459,144,7.95
232,402,57,7.35
232,446,7,7.55
232,395,28,7.35
232,445,61,7.55
232,451,2,7.65
232,419,13,7.45
232,457,240,7.75
232,451,71,7.65
232,429,52,7.45
232,457,146,7.75
232,404,44,7.35
232,459,34,7.95
232,442,149,7.55
232,459,147,7.95
232,458,77,7.85
232,440,1,7.55
232,453,67,7.65
232,452,59,7.65
232,457,159,7.75
232,447,56,7.55
232,457,80,7.75
232,457,100,7.75
232,452,28,7.65
232,449,80,7.65
232,442,166,7.55
232,447,69,7.55
232,459,230,7.95
232,403,30,7.35
232,456,16,7.65
232,458,56,7.85
232,402,8,7.35
232,457,0,7.75
232,447,64,7.55
232,451,187,7.65
232,401,97,7.35
232,459,193,7.95
232,429,108,7.45
232,428,122,7.45
232,448,187,7.65
232,400,100,7.35
232,401,84,7.35
232,457,95,7.75
232,456,139,7.65
232,444,155,7.55
232,424,88,7.45
232,372,32,7.25
232,457,223,7.75
232,448,60,7.65
232,450,13,7.65
232,458,5,7.85
232,459,198,7.95
232,401,93,7.35
232,406,0,7.35
232,457,132,7.75
232,452,83,7.65
232,453,73,7.65
232,422,3,7.45
232,447,91,7.55
232,448,219,7.65
232,457,177,7.75
232,452,97,7.65
232,452,171,7.65
232,459,185,7.95
232,440,19,7.55
232,428,11,7.45
232,444,60,7.55
232,452,91,7.65
232,437,65,7.55
232,458,224,7.85
232,457,209,7.75
232,457,24,7.75
232,444,0,7.55
232,458,106,7.85
232,422,18,7.45
232,445,144,7.55
232,453,14,7.65
232,449,42,7.65
232,436,52,7.55
232,456,145,7.65
232,445,98,7.55
232,456,160,7.65
232,452,182,7.65
232,459,93,7.95
232,456,225,7.65
232,440,111,7.55
232,451,93,7.65
232,444,80,7.55
232,453,60,7.65
232,420,16,7.45
232,444,5,7.55
232,453,220,7.65
232,444,18,7.55
232,446,17,7.55
232,458,21,7.85
232,458,158,7.85
232,441,150,7.55
232,449,124,7.65
232,457,78,7.75
232,368,1,7.25
232,427,50,7.45
232,458,70,7.85
232,450,128,7.65
232,448,205,7.65
232,428,73,7.45
232,450,119,7.65
232,449,123,7.65
232,457,208,7.75
232,459,80,7.95
232,459,217,7.95
232,453,165,7.65
232,458,209,7.85
232,447,151,7.55
232,454,161,7.45
232,447,62,7.55
232,456,51,7.65
232,426,16,7.45
232,392,2,7.35
232,456,219,7.65
232,453,66,7.65
232,423,5,7.45
232,431,116,7.45
232,457,96,7.75
232,446,90,7.55
232,451,48,7.65
232,430,94,7.45
232,449,4,7.65
232,440,105,7.55
232,457,12,7.75
232,450,127,7.65
232,424,130,7.45
232,445,0,7.55
232,442,93,7.55
232,429,77,7.45
232,457,148,7.75
232,434,54,7.55
232,403,31,7.35
232,404,88,7.35
232,459,89,7.95
232,459,249,7.95
232,444,56,7.55
232,449,180,7.65
232,457,212,7.75
232,450,60,7.65
232,459,233,7.95
232,438,33,7.55
232,453,63,7.65
232,446,112,7.55
232,458,130,7.85
232,459,203,7.95
232,459,15,7.95
232,452,187,7.65
232,450,3,7.65
232,442,58,7.55
232,457,103,7.75
232,458,25,7.85
232,449,182,7.65
232,441,116,7.55
232,438,65,7.55
232,442,46,7.55
232,442,8,7.55
232,437,49,7.55
232,446,136,7.55
232,438,46,7.55
232,444,158,7.55
232,458,199,7.85
232,457,230,7.75
232,449,119,7.65
232,426,109,7.45
232,457,162,7.75
232,453,183,7.65
232,444,46,7.55
232,450,192,7.65
232,453,149,7.65
232,452,176,7.65
232,399,0,7.35
232,442,112,7.55
232,446,60,7.55
232,426,47,7.45
232,450,194,7.65
232,456,132,7.65
232,457,222,7.75
232,402,62,7.35
232,449,73,7.65
232,459,42,7.95
232,453,30,7.65
232,459,152,7.95
232,458,222,7.85
232,451,185,7.65
232,425,14,7.45
232,447,117,7.55
232,456,2,7.65
232,440,67,7.55
232,424,127,7.45
232,459,213,7.95
232,456,191,7.65
232,459,79,7.95
232,445,3,7.55
232,446,121,7.55
232,458,152,7.85
232,457,179,7.75
232,458,227,7.85
232,458,219,7.85
232,398,4,7.35
232,457,234,7.75
232,446,63,7.55
232,441,29,7.55
232,457,141,7.75
232,457,92,7.75
232,457,226,7.75
232,452,185,7.65
232,459,27,7.95
232,457,23,7.75
232,443,139,7.55
232,418,60,7.45
232,458,82,7.85
232,458,89,7.85
232,448,185,7.65
232,443,45,7.55
232,451,153,7.65
232,446,11,7.55
232,459,103,7.95
232,402,66,7.35
232,442,0,7.55
232,396,3,7.35
232,434,12,7.55
232,456,129,7.65
232,450,176,7.65
232,451,128,7.65
232,457,137,7.75
232,447,3,7.55
232,449,34,7.65
232,459,143,7.95
232,458,35,7.85
232,457,229,7.75
232,451,121,7.65
232,440,9,7.55
232,450,136,7.65
232,403,94,7.35
232,459,85,7.95
232,436,123,7.55
232,450,191,7.65
232,456,28,7.65
232,459,162,7.95
232,429,89,7.45
232,401,71,7.35
232,459,236,7.95
232,452,123,7.65
232,437,26,7.55
232,458,210,7.85
232,441,152,7.55
232,450,183,7.65
232,448,184,7.65
232,459,153,7.95
232,394,91,7.35
232,428,50,7.45
232,427,7,7.45
232,459,69,7.95
232,369,2,7.25
232,446,8,7.55
232,424,112,7.45
232,427,11,7.45
232,457,84,7.75
232,445,104,7.55
232,450,173,7.65
232,458,163,7.85
232,448,122,7.65
232,458,67,7.85
232,456,193,7.65
232,459,214,7.95
232,450,24,7.65
232,458,150,7.85
232,449,116,7.65
232,457,219,7.75
232,443,123,7.55
232,447,107,7.55
232,458,146,7.85
232,448,144,7.65
232,424,56,7.45
232,449,189,7.65
232,443,110,7.55
232,455,30,7.55
232,368,7,7.25
232,439,154,7.55
232,446,54,7.55
232,458,86,7.85
232,459,25,7.95
232,458,212,7.85
232,447,121,7.55
232,459,215,7.95
232,426,128,7.45
232,444,36,7.55
232,369,3,7.25
232,450,88,7.65
232,443,21,7.55
232,459,171,7.95
232,459,163,7.95
232,453,151,7.65
232,432,63,7.55
232,457,30,7.75
232,444,95,7.55
232,439,28,7.55
232,449,77,7.65
232,448,4,7.65
232,395,31,7.35
232,430,129,7.45
232,451,1,7.65
232,450,120,7.65
232,450,187,7.65
232,428,39,7.45
232,458,198,7.85
232,399,58,7.35
232,394,89,7.35
232,449,184,7.65
232,428,42,7.45
232,450,58,7.65
232,449,130,7.65
232,451,10,7.65
232,459,92,7.95
232,437,56,7.55
232,426,129,7.45
232,459,112,7.95
232,448,71,7.65
232,446,166,7.55
232,459,211,7.95
232,457,15,7.75
232,449,11,7.65
232,457,107,7.75
232,428,78,7.45
232,450,114,7.65
232,459,94,7.95
232,457,65,7.75
232,447,72,7.55
232,453,209,7.65
232,447,22,7.55
232,449,191,7.65
232,428,113,7.45
232,435,52,7.55
232,455,96,7.55
232,428,135,7.45
232,429,88,7.45
232,428,116,7.45
232,436,10,7.55
232,442,9,7.55
232,456,24,7.65
232,450,175,7.65
232,452,203,7.65
232,429,2,7.45
232,452,191,7.65
232,443,168,7.55
232,452,85,7.65
232,456,72,7.65
232,444,75,7.55
232,444,142,7.55
232,423,53,7.45
232,458,92,7.85
232,451,223,7.65
232,453,115,7.65
232,458,90,7.85
232,440,68,7.55
232,446,33,7.55
232,456,69,7.65
232,427,41,7.45
232,451,85,7.65
232,418,65,7.45
232,452,159,7.65
232,443,124,7.55
232,436,112,7.55
232,459,201,7.95
232,447,2,7.55
232,439,34,7.55
232,393,29,7.35
232,457,42,7.75
232,458,173,7.85
232,451,209,7.65
232,446,145,7.55
232,427,21,7.45
232,436,96,7.55
232,398,91,7.35
232,458,94,7.85
232,426,54,7.45
232,459,109,7.95
232,394,28,7.35
232,457,130,7.75
232,458,1,7.85
232,447,7,7.55
232,452,134,7.65
232,448,97,7.65
232,457,14,7.75
232,448,65,7.65
232,459,177,7.95
232,441,56,7.55
232,441,45,7.55
232,423,88,7.45
232,456,37,7.65
232,422,9,7.45
232,459,232,7.95
232,327,27,7.15
232,442,54,7.55
232,453,91,7.65
232,418,14,7.45
232,453,81,7.65
232,402,96,7.35
232,424,16,7.45
232,441,153,7.55
232,459,166,7.95
232,446,4,7.55
232,458,78,7.85
232,453,28,7.65
232,328,5,7.15
232,405,94,7.35
232,451,74,7.65
232,457,2,7.75
232,450,62,7.65
232,454,225,7.45
232,449,17,7.65
232,457,102,7.75
232,458,139,7.85
232,418,125,7.45
232,451,130,7.65
232,428,16,7.45
232,374,72,7.25
232,400,28,7.35
232,452,11,7.65
232,442,136,7.55
232,459,97,7.95
232,446,92,7.55
232,444,91,7.55
232,446,19,7.55
232,448,31,7.65
232,459,107,7.95
232,459,190,7.95
232,453,88,7.65
232,446,66,7.55
232,442,75,7.55
232,448,115,7.65
232,448,136,7.65
232,451,76,7.65
232,451,114,7.65
232,455,148,7.55
232,401,85,7.35
232,458,13,7.85
232,449,23,7.65
232,405,30,7.35
232,429,11,7.45
232,449,122,7.65
232,457,136,7.75
232,421,16,7.45
232,458,27,7.85
232,459,20,7.95
232,452,15,7.65
232,457,192,7.75
232,453,199,7.65
232,457,129,7.75
232,431,122,7.45
232,450,198,7.65
232,441,11,7.55
232,458,242,7.85
232,421,60,7.45
232,456,232,7.65
232,453,100,7.65
232,424,13,7.45
232,447,11,7.55
232,456,227,7.65
232,442,108,7.55
232,451,126,7.65
232,446,15,7.55
232,423,111,7.45
232,425,99,7.45
232,451,69,7.65
232,405,61,7.35
232,421,15,7.45
232,448,181,7.65
232,425,54,7.45
232,365,67,7.25
232,443,94,7.55
232,452,95,7.65
232,459,87,7.95
232,457,133,7.75
232,438,155,7.55
232,459,196,7.95
232,458,205,7.85
232,457,4,7.75
232,446,152,7.55
232,459,133,7.95
232,435,27,7.55
232,449,194,7.65
232,458,148,7.85
232,457,63,7.75
232,446,72,7.55
232,425,3,7.45
232,429,57,7.45
232,458,239,7.85
232,459,16,7.95
232,422,11,7.45
232,435,117,7.55
232,457,45,7.75
232,442,12,7.55
232,396,65,7.35
232,458,79,7.85
232,457,207,7.75
232,428,92,7.45
232,457,35,7.75
232,429,86,7.45
232,459,136,7.95
232,459,65,7.95
232,458,48,7.85
232,459,148,7.95
232,426,43,7.45
232,448,152,7.65
232,459,13,7.95
232,450,124,7.65
232,448,19,7.65
232,447,30,7.55
232,459,208,7.95
232,454,11,7.45
232,458,26,7.85
232,456,20,7.65
232,457,105,7.75
232,439,33,7.55
232,445,73,7.55
232,443,66,7.55
232,447,143,7.55
232,458,196,7.85
232,457,134,7.75
232,450,123,7.65
232,437,17,7.55
232,457,152,7.75
232,452,196,7.65
232,395,94,7.35
232,457,104,7.75
232,449,176,7.65
232,442,110,7.55
232,451,154,7.65
232,434,148,7.55
232,453,194,7.65
232,425,53,7.45
232,369,25,7.25
232,449,128,7.65
232,402,99,7.35
232,457,48,7.75
232,444,123,7.55
232,449,164,7.65
232,438,19,7.55
232,446,137,7.55
232,368,3,7.25
232,441,138,7.55
232,427,9,7.45
232,444,2,7.55
232,449,76,7.65
232,449,148,7.65
232,447,57,7.55
232,448,149,7.65
232,456,228,7.65
232,455,97,7.55
232,442,144,7.55
232,453,19,7.65
232,370,53,7.25
232,458,208,7.85
232,445,107,7.55
232,402,40,7.35
232,448,191,7.65
232,446,65,7.55
232,439,59,7.55
232,444,6,7.55
232,400,11,7.35
232,426,59,7.45
232,452,141,7.65
232,442,168,7.55
232,459,159,7.95
232,443,17,7.55
232,448,218,7.65
232,404,90,7.35
232,459,174,7.95
232,451,7,7.65
232,453,125,7.65
232,449,104,7.65
232,399,94,7.35
232,458,16,7.85
232,449,211,7.65
232,429,129,7.45
232,403,56,7.35
232,434,146,7.55
232,451,42,7.65
232,441,13,7.55
232,449,195,7.65
232,367,22,7.25
232,446,104,7.55
232,457,38,7.75
232,458,103,7.85
232,422,112,7.45
232,447,54,7.55
232,398,64,7.35
232,459,39,7.95
232,451,79,7.65
232,399,62,7.35
232,440,110,7.55
232,427,40,7.45
232,449,175,7.65
232,455,74,7.55
232,459,158,7.95
232,426,61,7.45
232,401,94,7.35
232,446,21,7.55
232,459,41,7.95
232,429,46,7.45
232,452,197,7.65
232,447,85,7.55
232,429,74,7.45
232,426,73,7.45
232,444,26,7.55
232,442,71,7.55
232,453,61,7.65
232,428,48,7.45
232,447,70,7.55
232,458,131,7.85
232,458,120,7.85
232,458,168,7.85
232,457,221,7.75
232,404,40,7.35
232,444,49,7.55
232,427,117,7.45
232,459,40,7.95
232,459,6,7.95
232,458,238,7.85
232,458,127,7.85
232,459,12,7.95
232,458,223,7.85
232,449,66,7.65
232,458,217,7.85
232,456,209,7.65
232,447,93,7.55
232,448,23,7.65
232,427,84,7.45
232,445,106,7.55
232,456,149,7.65
232,453,132,7.65
232,452,71,7.65
232,421,124,7.45
232,459,98,7.95
232,458,142,7.85
232,458,161,7.85
232,441,112,7.55
232,374,71,7.25
232,458,18,7.85
232,458,0,7.85
232,445,92,7.55
232,448,172,7.65
232,451,62,7.65
232,427,42,7.45
232,430,79,7.45
232,459,130,7.95
232,331,36,7.15
232,399,104,7.35
232,426,15,7.45
232,459,175,7.95
232,453,139,7.65
232,458,197,7.85
232,452,3,7.65
232,444,145,7.55
232,441,60,7.55
232,457,142,7.75
232,427,87,7.45
232,457,211,7.75
232,459,113,7.95
232,451,97,7.65
232,453,77,7.65
232,439,20,7.55
232,431,57,7.45
232,450,72,7.65
232,459,23,7.95
232,445,65,7.55
232,456,8,7.65
232,458,11,7.85
232,443,109,7.55
232,441,135,7.55
232,450,74,7.65
232,451,129,7.65
232,458,34,7.85
232,459,81,7.95
232,444,29,7.55
232,404,57,7.35
232,458,143,7.85
232,449,133,7.65
232,448,72,7.65
232,430,112,7.45
232,453,188,7.65
232,458,160,7.85
232,373,23,7.25
232,444,153,7.55
232,425,1,7.45
232,458,245,7.85
232,457,131,7.75
232,456,170,7.65
232,440,101,7.55
232,458,46,7.85
232,445,97,7.55
232,458,235,7.85
232,437,75,7.55
232,459,46,7.95
232,444,28,7.55
232,437,173,7.55
232,458,149,7.85
232,459,237,7.95
232,389,36,7.35
232,452,18,7.65
232,442,45,7.55
232,453,7,7.65
232,445,29,7.55
232,447,67,7.55
232,452,74,7.65
232,428,81,7.45
232,459,235,7.95
232,458,134,7.85
232,447,51,7.55
232,444,124,7.55
232,457,216,7.75
232,456,141,7.65
232,458,15,7.85
232,453,138,7.65
232,459,54,7.95
232,450,90,7.65
232,457,214,7.75
232,456,29,7.65
232,450,63,7.65
232,458,104,7.85
232,437,53,7.55
232,400,66,7.35
232,453,47,7.65
232,457,194,7.75
232,449,127,7.65
232,451,90,7.65
232,452,195,7.65
232,426,62,7.45
232,418,114,7.45
232,458,40,7.85
232,452,224,7.65
232,450,209,7.65
232,427,56,7.45
232,404,92,7.35
232,404,104,7.35
232,449,136,7.65
232,431,50,7.45
232,449,201,7.65
232,459,83,7.95
232,427,19,7.45
232,459,227,7.95
232,447,156,7.55
232,450,154,7.65
232,459,82,7.95
232,447,109,7.55
232,445,56,7.55
232,443,122,7.55
232,399,93,7.35
232,443,147,7.55
232,405,32,7.35
232,451,189,7.65
232,403,32,7.35
232,449,20,7.65
232,457,215,7.75
232,459,10,7.95
232,438,51,7.55
232,456,77,7.65
232,429,1,7.45
232,457,82,7.75
232,444,93,7.55
232,447,102,7.55
232,447,137,7.55
232,447,48,7.55
232,444,47,7.55
232,369,30,7.25
232,449,19,7.65
232,458,155,7.85
232,442,26,7.55
232,448,26,7.65
232,457,233,7.75
232,448,76,7.65
232,456,94,7.65
232,457,151,7.75
232,449,45,7.65
232,442,100,7.55
232,427,99,7.45
232,428,43,7.45
232,445,62,7.55
232,458,44,7.85
232,426,53,7.45
232,426,75,7.45
232,428,108,7.45
232,448,207,7.65
232,458,153,7.85
232,449,32,7.65
232,443,111,7.55
232,454,94,7.45
232,450,93,7.65
232,444,70,7.55
232,456,210,7.65
232,458,63,7.85
232,459,194,7.95
232,457,244,7.75
232,458,52,7.85
232,455,93,7.55
232,457,9,7.75
232,457,70,7.75
232,452,186,7.65
232,446,114,7.55
232,448,171,7.65
232,449,177,7.65
232,450,65,7.65
232,443,22,7.55
232,456,78,7.65
232,452,143,7.65
232,457,50,7.75
242,27,14,7.15
242,27,33,7.15
242,29,31,7.35
242,22,5,7.05
242,27,18,7.15
242,21,17,6.95
242,22,2,7.05
242,29,39,7.35
242,26,21,7.05
242,25,34,6.95
242,28,8,7.25
242,28,43,7.25
242,27,24,7.15
242,22,0,7.05
242,27,36,7.15
242,27,12,7.15
242,27,27,7.15
242,27,28,7.15
242,26,13,7.05
242,22,19,7.05
242,22,41,7.05
242,29,27,7.35
242,29,21,7.35
242,18,28,6.85
242,29,42,7.35
242,26,9,7.05
242,14,10,6.75
242,27,9,7.15
242,27,7,7.15
242,27,39,7.15
242,27,10,7.15
242,28,11,7.25
242,15,19,6.75
242,25,3,6.95
242,29,26,7.35
242,26,19,7.05
242,27,34,7.15
242,29,41,7.35
242,22,40,7.05
242,28,20,7.25
242,26,28,7.05
242,29,17,7.35
242,21,33,6.95
242,29,13,7.35
242,22,4,7.05
242,25,35,6.95
242,28,22,7.25
242,28,42,7.25
242,26,5,7.05
242,27,32,7.15
242,20,31,6.95
242,27,22,7.15
242,29,18,7.35
242,29,44,7.35
242,27,40,7.15
242,22,43,7.05
242,20,21,6.95
242,15,11,6.75
242,28,29,7.25
242,28,30,7.25
242,21,9,6.95
242,28,2,7.25
242,22,27,7.05
242,19,25,6.85
242,26,16,7.05
242,15,8,6.75
242,25,1,6.95
242,27,0,7.15
242,29,2,7.35
242,29,16,7.35
242,21,31,6.95
242,29,30,7.35
242,29,38,7.35
242,29,24,7.35
242,28,26,7.25
242,14,23,6.75
242,29,34,7.35
242,26,44,7.05
242,22,25,7.05
242,28,28,7.25
242,21,7,6.95
242,28,41,7.25
242,26,30,7.05
242,28,25,7.25
242,29,8,7.35
242,29,11,7.35
242,26,33,7.05
242,28,4,7.25
242,26,31,7.05
242,21,10,6.95
242,15,21,6.75
242,26,0,7.05
242,19,12,6.85
242,19,29,6.85
242,20,17,6.95
242,29,9,7.35
242,27,43,7.15
242,28,14,7.25
242,22,30,7.05
242,29,32,7.35
242,19,22,6.85
242,28,33,7.25
242,21,20,6.95
242,29,4,7.35
242,27,21,7.15
242,20,18,6.95
242,22,13,7.05
242,22,3,7.05
242,22,16,7.05
242,26,40,7.05
242,26,15,7.05
242,29,37,7.35
242,19,8,6.85
242,18,15,6.85
242,29,6,7.35
242,15,20,6.75
242,29,3,7.35
242,22,37,7.05
242,28,24,7.25
242,26,35,7.05
242,27,5,7.15
242,28,37,7.25
242,26,39,7.05
242,5,10,6.55
242,29,33,7.35
242,27,44,7.15
242,18,29,6.85
242,20,29,6.95
242,21,19,6.95
242,28,19,7.25
242,27,3,7.15
242,28,3,7.25
242,27,11,7.15
242,28,38,7.25
242,27,23,7.15
242,29,40,7.35
242,26,27,7.05
242,22,44,7.05
242,19,27,6.85
242,14,12,6.75
242,29,29,7.35
242,26,20,7.05
242,27,25,7.15
242,26,3,7.05
242,29,15,7.35
242,29,25,7.35
242,29,1,7.35
242,21,28,6.95
242,28,40,7.25
242,28,39,7.25
242,28,34,7.25
242,27,19,7.15
242,19,18,6.85
242,22,31,7.05
242,26,4,7.05
242,28,15,7.25
242,19,24,6.85
242,22,15,7.05
242,22,9,7.05
242,22,33,7.05
242,15,22,6.75
242,14,17,6.75
242,24,44,6.85
242,28,1,7.25
242,29,35,7.35
242,27,1,7.15
242,28,44,7.25
242,25,29,6.95
242,22,28,7.05
242,27,42,7.15
242,27,16,7.15
242,29,20,7.35
242,25,42,6.95
242,29,14,7.35
242,22,23,7.05
242,28,27,7.25
242,28,5,7.25
242,5,15,6.55
242,15,14,6.75
242,20,2,6.95
242,28,18,7.25
242,20,15,6.95
242,29,10,7.35
242,28,23,7.25
242,28,35,7.25
242,27,15,7.15
242,19,19,6.85
242,28,9,7.25
242,26,25,7.05
242,27,41,7.15
242,21,8,6.95
242,20,10,6.95
242,27,30,7.15
242,22,21,7.05
242,22,26,7.05
242,29,0,7.35
242,27,4,7.15
242,28,12,7.25
242,28,10,7.25
242,27,35,7.15
242,26,34,7.05
242,24,19,6.85
242,25,21,6.95
242,20,30,6.95
242,26,41,7.05
242,21,18,6.95
242,24,22,6.85
242,29,12,7.35
242,28,13,7.25
242,29,19,7.35
242,27,2,7.15
242,29,7,7.35
242,28,21,7.25
242,29,23,7.35
242,18,9,6.85
242,27,26,7.15
242,26,37,7.05
242,25,26,6.95
242,26,43,7.05
242,29,43,7.35
242,26,42,7.05
242,27,29,7.15
242,21,25,6.95
242,29,5,7.35
242,28,31,7.25
242,19,28,6.85
242,28,7,7.25
242,22,35,7.05
242,18,21,6.85
242,29,36,7.35
242,25,28,6.95
242,27,8,7.15
242,22,39,7.05
242,27,17,7.15
242,29,28,7.35
242,15,23,6.75
242,29,22,7.35
242,20,22,6.95
242,27,38,7.15
242,28,32,7.25
242,22,42,7.05
242,26,2,7.05
242,27,31,7.15
242,13,11,6.75
242,28,16,7.25
242,22,20,7.05
242,28,6,7.25
242,25,36,6.95
242,20,26,6.95
242,22,34,7.05
242,26,23,7.05
242,26,26,7.05
242,28,36,7.25
242,28,0,7.25
242,27,20,7.15
244,10,10,7.05
244,11,16,7.15
244,11,13,7.15
244,4,7,6.95
244,10,7,7.05
244,8,9,6.85
244,9,6,6.95
244,2,10,6.75
244,4,18,6.95
244,11,30,7.15
244,10,29,7.05
244,12,11,7.25
244,8,6,6.85
244,7,30,6.75
244,11,0,7.15
244,8,23,6.85
244,3,17,6.85
244,9,11,6.95
244,9,30,6.95
244,9,4,6.95
244,0,13,6.55
244,10,30,7.05
244,11,23,7.15
244,11,27,7.15
244,10,21,7.05
244,9,28,6.95
244,9,22,6.95
244,10,15,7.05
244,9,2,6.95
244,10,12,7.05
244,10,23,7.05
244,12,27,7.25
244,12,2,7.25
244,10,24,7.05
244,8,11,6.85
244,11,3,7.15
244,3,15,6.85
244,3,10,6.85
244,4,4,6.95
244,8,31,6.85
244,11,22,7.15
244,1,8,6.65
244,11,31,7.15
244,12,12,7.25
244,0,10,6.55
244,3,12,6.85
244,9,20,6.95
244,12,30,7.25
244,9,24,6.95
244,8,16,6.85
244,12,1,7.25
244,12,21,7.25
244,12,31,7.25
244,12,19,7.25
244,7,23,6.75
244,11,12,7.15
244,4,23,6.95
244,4,19,6.95
244,3,11,6.85
244,3,22,6.85
244,3,19,6.85
244,11,5,7.15
244,12,23,7.25
244,11,29,7.15
244,12,28,7.25
244,11,15,7.15
244,12,17,7.25
244,11,7,7.15
244,4,15,6.95
244,9,9,6.95
244,8,25,6.85
244,3,20,6.85
244,8,24,6.85
244,10,20,7.05
244,10,14,7.05
244,9,13,6.95
244,11,8,7.15
244,10,1,7.05
244,9,8,6.95
244,8,22,6.85
244,11,10,7.15
244,11,24,7.15
244,11,18,7.15
244,10,2,7.05
244,10,6,7.05
244,3,5,6.85
244,3,7,6.85
244,12,16,7.25
244,1,15,6.65
244,7,29,6.75
244,10,18,7.05
244,12,0,7.25
244,8,26,6.85
244,9,21,6.95
244,12,18,7.25
244,11,2,7.15
244,11,11,7.15
244,12,8,7.25
244,12,15,7.25
244,10,11,7.05
244,11,17,7.15
244,9,25,6.95
244,3,6,6.85
244,12,5,7.25
244,3,18,6.85
244,3,13,6.85
244,10,13,7.05
244,11,28,7.15
244,9,14,6.95
244,9,29,6.95
244,2,15,6.75
244,9,26,6.95
244,10,17,7.05
244,1,13,6.65
244,11,26,7.15
244,11,1,7.15
244,9,18,6.95
244,9,27,6.95
244,4,13,6.95
244,8,27,6.85
244,8,29,6.85
244,8,21,6.85
244,9,12,6.95
244,3,9,6.85
244,4,21,6.95
244,7,20,6.75
244,1,7,6.65
244,1,6,6.65
244,2,14,6.75
244,7,31,6.75
244,4,10,6.95
244,10,27,7.05
244,11,20,7.15
244,10,5,7.05
244,10,16,7.05
244,9,23,6.95
244,11,19,7.15
244,4,17,6.95
244,9,16,6.95
244,10,25,7.05
244,3,21,6.85
244,4,6,6.95
244,3,14,6.85
244,10,31,7.05
244,4,14,6.95
244,9,10,6.95
244,12,26,7.25
244,8,28,6.85
244,10,8,7.05
244,10,19,7.05
244,12,3,7.25
244,7,15,6.75
244,11,14,7.15
244,12,13,7.25
244,11,25,7.15
244,12,7,7.25
244,4,22,6.95
244,11,4,7.15
244,12,22,7.25
244,9,17,6.95
244,1,10,6.65
244,11,21,7.15
244,4,1,6.95
244,4,20,6.95
244,10,28,7.05
244,12,20,7.25
244,8,14,6.85
244,12,24,7.25
244,3,4,6.85
244,2,16,6.75
244,3,8,6.85
244,4,12,6.95
244,4,11,6.95
244,12,29,7.25
244,9,19,6.95
244,12,9,7.25
244,2,12,6.75
244,4,16,6.95
244,10,9,7.05
244,9,15,6.95
244,2,11,6.75
244,12,10,7.25
244,10,26,7.05
244,3,16,6.85
244,11,9,7.15
244,4,8,6.95
244,9,3,6.95
244,3,23,6.85
244,8,30,6.85
244,4,0,6.95
244,9,31,6.95
244,8,17,6.85
244,1,14,6.65
244,12,25,7.25
244,10,22,7.05
244,12,6,7.25
244,7,5,6.75
244,12,4,7.25
244,10,0,7.05
244,7,25,6.75
244,12,14,7.25
245,9,16,6.85
245,10,18,6.95
245,10,16,6.95
245,10,10,6.95
245,10,5,6.95
245,9,15,6.85
245,10,6,6.95
245,10,15,6.95
245,10,2,6.95
245,9,6,6.85
245,9,3,6.85
245,10,0,6.95
245,10,12,6.95
245,9,18,6.85
245,10,4,6.95
